Time (s),Mass 1 (g),Mass 2 (g),Mass 3 (g),Mass 4 (g),Mass 5 (g),Trial Number,Rate (all) (g/s),Rate (initial) (g/s),Average (all) (g/s),No Outliers Rate (all) (g/s) ,Average (initial) (g/s),No Outliers Rate (initial) (g/s)
0,53.06,52.39,52.49,52.84,52.63,Trial 1,-1.681E-3,-3.333E-3,-1.600E-3,-1.591E-3,-3.800E-3,-3.778E-3
1,53.07,52.38,52.49,52.85,52.62,Trial 2,-1.681E-3,-4.000E-3,,,,
2,53.07,52.38,52.49,52.87,52.62,Trial 3,-1.546E-3,-4.000E-3,,,,
3,53.06,52.38,52.49,52.88,52.62,Trial 4,-1.546E-3,-4.667E-3,,,,
4,53.05,52.39,52.49,52.87,52.63,Trial 5,-1.546E-3,-3.000E-3,,,,
5,53.05,52.4,52.49,52.86,52.63,,,,,,,
6,53.04,52.4,52.49,52.86,52.63,,,,,,,
7,53.04,52.39,52.49,52.86,52.61,,,,,,,
8,53.04,52.39,52.48,52.85,52.61,,,,,,,
9,53.02,52.39,52.48,52.84,52.61,,,,,,,
10,53.02,52.38,52.47,52.84,52.61,,,,,,,
11,53.01,52.38,52.46,52.84,52.61,,,,,,,
12,53.01,52.38,52.46,52.84,52.6,,,,,,,
13,53.02,52.38,52.46,52.83,52.6,,,,,,,
14,53.01,52.38,52.46,52.83,52.59,,,,,,,
15,53.01,52.36,52.46,52.83,52.59,,,,,,,
16,53.01,52.36,52.44,52.83,52.59,,,,,,,
17,53.01,52.36,52.44,52.82,52.59,,,,,,,
18,53.01,52.36,52.44,52.83,52.59,,,,,,,
19,53,52.36,52.44,52.83,52.58,,,,,,,
20,52.99,52.35,52.43,52.81,52.58,,,,,,,
21,52.99,52.34,52.42,52.81,52.58,,,,,,,
22,52.99,52.33,52.45,52.8,52.58,,,,,,,
23,52.99,52.34,52.45,52.79,52.56,,,,,,,
24,52.97,52.34,52.44,52.8,52.57,,,,,,,
25,52.97,52.32,52.43,52.8,52.56,,,,,,,
26,52.98,52.32,52.43,52.79,52.56,,,,,,,
27,52.98,52.32,52.42,52.79,52.56,,,,,,,
28,52.96,52.31,52.42,52.8,52.55,,,,,,,
29,52.96,52.31,52.42,52.79,52.55,,,,,,,
30,52.96,52.31,52.41,52.79,52.55,,,,,,,
31,52.95,52.31,52.41,52.77,52.55,,,,,,,
32,52.94,52.31,52.39,52.77,52.53,,,,,,,
33,52.94,52.3,52.4,52.76,52.53,,,,,,,
34,52.94,52.3,52.39,52.77,52.52,,,,,,,
35,52.94,52.29,52.39,52.76,52.53,,,,,,,
36,52.93,52.29,52.38,52.76,52.51,,,,,,,
37,52.92,52.22,52.38,52.76,52.53,,,,,,,
38,52.92,52.27,52.38,52.74,52.53,,,,,,,
39,52.92,52.26,52.38,52.73,52.52,,,,,,,
40,52.92,52.26,52.37,52.7,52.52,,,,,,,
41,52.92,52.23,52.37,52.73,52.53,,,,,,,
42,52.91,52.24,52.36,52.73,52.52,,,,,,,
43,52.91,52.22,52.37,52.73,52.51,,,,,,,
44,52.91,52.24,52.36,52.73,52.51,,,,,,,
45,52.9,52.24,52.35,52.73,52.51,,,,,,,
46,52.89,52.24,52.36,52.71,52.5,,,,,,,
47,52.89,52.24,52.37,52.73,52.5,,,,,,,
48,52.89,52.24,52.36,52.71,52.5,,,,,,,
49,52.89,52.22,52.35,52.7,52.49,,,,,,,
50,52.88,52.22,52.35,52.71,52.49,,,,,,,
51,52.88,52.21,52.35,52.71,52.49,,,,,,,
52,52.88,52.23,52.34,52.69,52.49,,,,,,,
53,52.87,52.21,52.35,52.73,52.48,,,,,,,
54,52.86,52.2,52.34,52.72,52.47,,,,,,,
55,52.86,52.18,52.34,52.72,52.48,,,,,,,
56,52.86,52.2,52.33,52.71,52.48,,,,,,,
57,52.86,52.2,52.32,52.71,52.47,,,,,,,
58,52.86,52.2,52.32,52.7,52.46,,,,,,,
59,52.86,52.21,52.32,52.69,52.46,,,,,,,
60,52.85,52.19,52.32,52.69,52.46,,,,,,,
61,52.85,52.19,52.32,52.69,52.46,,,,,,,
62,52.83,52.18,52.31,52.69,52.45,,,,,,,
63,52.83,52.18,52.3,52.69,52.45,,,,,,,
64,52.83,52.18,52.31,52.69,52.45,,,,,,,
65,52.83,52.19,52.31,52.68,52.45,,,,,,,
66,52.83,52.17,52.3,52.68,52.45,,,,,,,
67,52.83,52.18,52.3,52.67,52.45,,,,,,,
68,52.82,52.18,52.3,52.66,52.44,,,,,,,
69,52.82,52.16,52.29,52.66,52.44,,,,,,,
70,52.81,52.17,52.28,52.66,52.44,,,,,,,
71,52.81,52.16,52.28,52.66,52.44,,,,,,,
72,52.81,52.13,52.27,52.66,52.43,,,,,,,
73,52.81,52.14,52.27,52.65,52.43,,,,,,,
74,52.81,52.15,52.27,52.66,52.42,,,,,,,
75,52.8,52.15,52.27,52.64,52.41,,,,,,,
76,52.8,52.15,52.26,52.65,52.4,,,,,,,
77,52.79,52.14,52.25,52.64,52.42,,,,,,,
78,52.79,52.14,52.26,52.63,52.4,,,,,,,
79,52.79,52.14,52.26,52.63,52.41,,,,,,,
80,52.79,52.13,52.25,52.62,52.41,,,,,,,
81,52.78,52.12,52.25,52.61,52.4,,,,,,,
82,52.78,52.12,52.25,52.6,52.4,,,,,,,
83,52.77,52.12,52.24,52.62,52.4,,,,,,,
84,52.77,52.12,52.24,52.61,52.4,,,,,,,
85,52.76,52.12,52.24,52.6,52.39,,,,,,,
86,52.75,52.11,52.24,52.61,52.39,,,,,,,
87,52.75,52.1,52.24,52.6,52.38,,,,,,,
88,52.74,52.09,52.23,52.59,52.37,,,,,,,
89,52.73,52.09,52.24,52.6,52.38,,,,,,,
90,52.72,52.09,52.23,52.59,52.38,,,,,,,
91,52.72,52.07,52.22,52.57,52.38,,,,,,,
92,52.73,52.07,52.23,52.57,52.37,,,,,,,
93,52.73,52.08,52.22,52.56,52.37,,,,,,,
94,52.73,52.06,52.22,52.57,52.36,,,,,,,
95,52.72,52.07,52.21,52.58,52.36,,,,,,,
96,52.72,52.07,52.21,52.56,52.35,,,,,,,
97,52.73,52.06,52.21,52.56,52.36,,,,,,,
98,52.72,52.06,52.21,52.56,52.36,,,,,,,
99,52.72,52.06,52.21,52.55,52.36,,,,,,,
100,52.72,52.06,52.2,52.55,52.36,,,,,,,
101,52.72,52.06,52.2,52.55,52.35,,,,,,,
102,52.71,52.06,52.19,52.55,52.35,,,,,,,
103,52.71,52.05,52.19,52.55,52.34,,,,,,,
104,52.7,52.05,52.19,52.55,52.35,,,,,,,
105,52.7,52.05,52.19,52.55,52.34,,,,,,,
106,52.7,52.06,52.17,52.54,52.34,,,,,,,
107,52.69,52.05,52.17,52.52,52.34,,,,,,,
108,52.69,52.04,52.17,52.53,52.33,,,,,,,
109,52.69,52.04,52.17,52.54,52.33,,,,,,,
110,52.68,52.04,52.17,52.54,52.33,,,,,,,
111,52.67,52.02,52.17,52.52,52.33,,,,,,,
112,52.66,52.02,52.17,52.53,52.33,,,,,,,
113,52.67,52.02,52.16,52.53,52.33,,,,,,,
114,52.66,52.02,52.17,52.53,52.32,,,,,,,
115,52.67,52.01,52.17,52.51,52.31,,,,,,,
116,52.67,52.01,52.16,52.52,52.31,,,,,,,
117,52.67,52.01,52.16,52.5,52.31,,,,,,,
118,52.66,52.01,52.15,52.51,52.31,,,,,,,
119,52.65,52.01,52.15,52.49,52.31,,,,,,,
120,52.64,52,52.16,52.51,52.3,,,,,,,
121,52.63,52,52.14,52.51,52.29,,,,,,,
122,52.63,52,52.14,52.5,52.27,,,,,,,
123,52.63,51.99,52.14,52.48,52.29,,,,,,,
124,52.63,51.99,52.13,52.48,52.28,,,,,,,
125,52.63,51.99,52.12,52.48,52.29,,,,,,,
126,52.63,51.99,52.13,52.48,52.3,,,,,,,
127,52.63,51.99,52.13,52.47,52.29,,,,,,,
128,52.62,51.99,52.13,52.47,52.28,,,,,,,
129,52.62,51.98,52.13,52.46,52.28,,,,,,,
130,52.62,51.97,52.12,52.45,52.28,,,,,,,
131,52.61,51.98,52.11,52.45,52.28,,,,,,,
132,52.61,51.97,52.1,52.45,52.27,,,,,,,
133,52.6,51.97,52.1,52.45,52.26,,,,,,,
134,52.6,51.97,52.1,52.44,52.26,,,,,,,
135,52.59,51.96,52.1,52.44,52.26,,,,,,,
136,52.58,51.96,52.09,52.44,52.24,,,,,,,
137,52.57,51.95,52.09,52.43,52.25,,,,,,,
138,52.57,51.96,52.1,52.44,52.25,,,,,,,
139,52.58,51.96,52.08,52.45,52.25,,,,,,,
140,52.58,51.96,52.06,52.44,52.25,,,,,,,
141,52.58,51.95,52.07,52.44,52.24,,,,,,,
142,52.58,51.94,52.08,52.44,52.24,,,,,,,
143,52.58,51.94,52.08,52.44,52.24,,,,,,,
144,52.58,51.95,52.07,52.43,52.23,,,,,,,
145,52.57,51.94,52.08,52.43,52.23,,,,,,,
146,52.57,51.94,52.08,52.44,52.23,,,,,,,
147,52.57,51.94,52.06,52.42,52.23,,,,,,,
148,52.57,51.93,52.07,52.42,52.23,,,,,,,
149,52.57,51.93,52.07,52.42,52.22,,,,,,,
150,52.57,51.93,52.06,52.42,52.21,,,,,,,
151,52.57,51.93,52.05,52.43,52.22,,,,,,,
152,52.57,51.93,52.05,52.42,52.22,,,,,,,
153,52.57,51.91,52.05,52.42,52.22,,,,,,,
154,52.57,51.92,52.05,52.41,52.21,,,,,,,
155,52.55,51.92,52.05,52.4,52.21,,,,,,,
156,52.54,51.92,52.06,52.41,52.2,,,,,,,
157,52.54,51.92,52.05,52.4,52.2,,,,,,,
158,52.54,51.91,52.04,52.4,52.2,,,,,,,
159,52.54,51.91,52.04,52.41,52.19,,,,,,,
160,52.54,51.91,52.04,52.4,52.2,,,,,,,
161,52.53,51.91,52.04,52.39,52.19,,,,,,,
162,52.53,51.91,52.04,52.4,52.2,,,,,,,
163,52.53,51.9,52.04,52.39,52.2,,,,,,,
164,52.53,51.89,52.04,52.4,52.2,,,,,,,
165,52.52,51.9,52.04,52.39,52.19,,,,,,,
166,52.52,51.88,52.03,52.38,52.19,,,,,,,
167,52.52,51.88,52.04,52.38,52.19,,,,,,,
168,52.52,51.87,52.05,52.38,52.19,,,,,,,
169,52.52,51.87,52.04,52.38,52.19,,,,,,,
170,52.52,51.87,52.03,52.37,52.19,,,,,,,
171,52.5,51.87,52.03,52.37,52.19,,,,,,,
172,52.51,51.88,52.03,52.38,52.19,,,,,,,
173,52.51,51.88,52.03,52.38,52.19,,,,,,,
174,52.5,51.87,52.03,52.36,52.18,,,,,,,
175,52.49,51.87,52.03,52.37,52.18,,,,,,,
176,52.49,51.85,52.02,52.38,52.18,,,,,,,
177,52.48,51.87,52.02,52.37,52.17,,,,,,,
178,52.49,51.86,52.02,52.37,52.17,,,,,,,
179,52.5,51.86,52.01,52.38,52.18,,,,,,,
180,52.49,51.87,52.01,52.36,52.17,,,,,,,
181,52.49,51.87,52,52.36,52.17,,,,,,,
182,52.49,51.86,52.01,52.37,52.17,,,,,,,
183,52.49,51.86,52.01,52.36,52.16,,,,,,,
184,52.49,51.86,52,52.36,52.16,,,,,,,
185,52.49,51.86,52.01,52.35,52.15,,,,,,,
186,52.48,51.86,52,52.36,52.14,,,,,,,
187,52.48,51.85,51.99,52.35,52.14,,,,,,,
188,52.48,51.85,52,52.36,52.14,,,,,,,
189,52.48,51.83,52,52.33,52.13,,,,,,,
190,52.48,51.84,52,52.35,52.13,,,,,,,
191,52.47,51.83,52.01,52.33,52.13,,,,,,,
192,52.48,51.82,52,52.33,52.12,,,,,,,
193,52.48,51.82,52,52.32,52.12,,,,,,,
194,52.47,51.82,52,52.33,52.11,,,,,,,
195,52.47,51.82,52,52.33,52.12,,,,,,,
196,52.46,51.82,51.99,52.33,52.12,,,,,,,
197,52.46,51.82,51.98,52.33,52.13,,,,,,,
198,52.46,51.82,51.98,52.33,52.12,,,,,,,
199,52.46,51.82,51.98,52.32,52.12,,,,,,,
200,52.46,51.81,51.98,52.32,52.11,,,,,,,
201,52.46,51.81,51.96,52.32,52.12,,,,,,,
202,52.46,51.8,51.97,52.32,52.12,,,,,,,
203,52.46,51.8,51.97,52.32,52.12,,,,,,,
204,52.46,51.8,51.98,52.31,52.12,,,,,,,
205,52.45,51.8,51.96,52.31,52.1,,,,,,,
206,52.45,51.81,51.97,52.32,52.11,,,,,,,
207,52.45,51.81,51.97,52.31,52.11,,,,,,,
208,52.45,51.81,51.97,52.31,52.1,,,,,,,
209,52.45,51.81,51.96,52.29,52.1,,,,,,,
210,52.45,51.8,51.96,52.3,52.09,,,,,,,
211,52.44,51.8,51.97,52.29,52.1,,,,,,,
212,52.44,51.8,51.97,52.29,52.11,,,,,,,
213,52.44,51.8,51.95,52.29,52.1,,,,,,,
214,52.43,51.79,51.94,52.3,52.1,,,,,,,
215,52.43,51.8,51.94,52.29,52.08,,,,,,,
216,52.43,51.79,51.93,52.29,52.08,,,,,,,
217,52.42,51.78,51.94,52.29,52.09,,,,,,,
218,52.42,51.79,51.94,52.28,52.09,,,,,,,
219,52.42,51.78,51.94,52.28,52.09,,,,,,,
220,52.42,51.79,51.93,52.28,52.06,,,,,,,
221,52.42,51.78,51.93,52.29,52.07,,,,,,,
222,52.42,51.78,51.93,52.27,52.07,,,,,,,
223,52.41,51.78,51.93,52.27,52.07,,,,,,,
224,52.4,51.78,51.92,52.26,52.07,,,,,,,
225,52.41,51.79,51.92,52.27,52.07,,,,,,,
226,52.41,51.79,51.92,52.28,52.07,,,,,,,
227,52.41,51.79,51.92,52.27,52.06,,,,,,,
228,52.41,51.78,51.92,52.27,52.06,,,,,,,
229,52.41,51.77,51.93,52.27,52.07,,,,,,,
230,52.41,51.77,51.93,52.26,52.06,,,,,,,
231,52.41,51.77,51.92,52.26,52.06,,,,,,,
232,52.4,51.76,51.92,52.25,52.05,,,,,,,
233,52.4,51.77,51.92,52.25,52.06,,,,,,,
234,52.39,51.78,51.92,52.26,52.05,,,,,,,
235,52.39,51.77,51.92,52.25,52.05,,,,,,,
236,52.4,51.77,51.91,52.24,52.05,,,,,,,
237,52.4,51.77,51.91,52.25,52.05,,,,,,,
238,52.39,51.76,51.91,52.26,52.05,,,,,,,
239,52.39,51.75,51.9,52.26,52.04,,,,,,,
240,52.39,51.75,51.9,52.25,52.05,,,,,,,
241,52.39,51.75,51.9,52.25,52.04,,,,,,,
242,52.38,51.76,51.9,52.26,52.04,,,,,,,
243,52.38,51.75,51.89,52.26,52.04,,,,,,,
244,52.38,51.76,51.9,52.24,52.03,,,,,,,
245,52.38,51.75,51.88,52.25,52.03,,,,,,,
246,52.38,51.76,51.9,52.23,52.04,,,,,,,
247,52.38,51.75,51.89,52.25,52.04,,,,,,,
248,52.37,51.75,51.89,52.25,52.04,,,,,,,
249,52.37,51.75,51.9,52.25,52.04,,,,,,,
250,52.38,51.75,51.89,52.25,52.03,,,,,,,
251,52.38,51.74,51.88,52.25,52.04,,,,,,,
252,52.37,51.74,51.88,52.24,52.03,,,,,,,
253,52.37,51.74,51.88,52.25,52.03,,,,,,,
254,52.37,51.74,51.88,52.23,52.03,,,,,,,
255,52.37,51.73,51.88,52.23,52.03,,,,,,,
256,52.37,51.72,51.89,52.24,52.03,,,,,,,
257,52.37,51.72,51.88,52.24,52.03,,,,,,,
258,52.36,51.72,51.88,52.23,52.03,,,,,,,
259,52.36,51.72,51.88,52.22,52.03,,,,,,,
260,52.36,51.73,51.88,52.23,52.03,,,,,,,
261,52.36,51.72,51.88,52.23,52.03,,,,,,,
262,52.36,51.71,51.87,52.22,52.02,,,,,,,
263,52.36,51.71,51.87,52.22,52.02,,,,,,,
264,52.36,51.71,51.86,52.22,52.02,,,,,,,
265,52.35,51.71,51.87,52.21,52.02,,,,,,,
266,52.35,51.72,51.87,52.2,52.02,,,,,,,
267,52.35,51.72,51.88,52.22,52.02,,,,,,,
268,52.35,51.72,51.87,52.22,52.02,,,,,,,
269,52.34,51.71,51.87,52.22,52.02,,,,,,,
270,52.29,51.72,51.86,52.21,52.02,,,,,,,
271,52.34,51.71,51.86,52.22,52.02,,,,,,,
272,52.34,51.72,51.86,52.2,52.01,,,,,,,
273,52.32,51.68,51.85,52.2,52.01,,,,,,,
274,52.31,51.69,51.86,52.21,52.01,,,,,,,
275,52.31,51.69,51.86,52.19,52.01,,,,,,,
276,52.31,51.7,51.86,52.19,52.01,,,,,,,
277,52.32,51.69,51.85,52.18,52,,,,,,,
278,52.32,51.69,51.86,52.2,52,,,,,,,
279,52.31,51.69,51.85,52.19,52,,,,,,,
280,52.31,51.69,51.85,52.19,52,,,,,,,
281,52.31,51.69,51.86,52.19,52,,,,,,,
282,52.32,51.68,51.85,52.18,52,,,,,,,
283,52.32,51.68,51.85,52.19,52,,,,,,,
284,52.32,51.68,51.84,52.21,52,,,,,,,
285,52.32,51.68,51.85,52.18,52,,,,,,,
286,52.32,51.67,51.85,52.19,51.99,,,,,,,
287,52.32,51.67,51.85,52.18,51.99,,,,,,,
288,52.31,51.67,51.85,52.19,51.99,,,,,,,
289,52.31,51.67,51.85,52.19,51.99,,,,,,,
290,52.31,51.67,51.84,52.18,51.99,,,,,,,
291,52.31,51.65,51.83,52.16,51.99,,,,,,,
292,52.32,51.66,51.84,52.18,51.99,,,,,,,
293,52.32,51.67,51.84,52.16,51.98,,,,,,,
294,52.31,51.67,51.84,52.17,51.98,,,,,,,
295,52.31,51.67,51.84,52.16,51.98,,,,,,,
296,52.31,51.66,51.84,52.18,51.98,,,,,,,
297,52.3,51.65,51.84,52.17,51.98,,,,,,,
298,52.31,51.66,51.84,52.16,51.98,,,,,,,
299,52.31,51.66,51.85,52.16,51.97,,,,,,,
300,52.31,51.66,51.84,52.16,51.97,,,,,,,
301,52.31,51.67,51.84,52.16,51.97,,,,,,,
302,52.31,51.67,51.84,52.16,51.97,,,,,,,
303,52.31,51.66,51.84,52.15,51.97,,,,,,,
304,52.31,51.66,51.83,52.17,51.97,,,,,,,
305,52.3,51.66,51.83,52.14,51.97,,,,,,,
306,52.3,51.66,51.83,52.17,51.97,,,,,,,
307,52.3,51.66,51.83,52.17,51.97,,,,,,,
308,52.3,51.66,51.83,52.17,51.96,,,,,,,
309,52.3,51.66,51.82,52.17,51.96,,,,,,,
310,52.3,51.66,51.82,52.16,51.96,,,,,,,
311,52.3,51.65,51.81,52.15,51.96,,,,,,,
312,52.3,51.66,51.81,52.14,51.96,,,,,,,
313,52.3,51.66,51.82,52.15,51.96,,,,,,,
314,52.29,51.66,51.81,52.15,51.96,,,,,,,
315,52.29,51.66,51.8,52.16,51.95,,,,,,,
316,52.29,51.66,51.81,52.14,51.95,,,,,,,
317,52.29,51.65,51.81,52.14,51.95,,,,,,,
318,52.29,51.65,51.81,52.15,51.95,,,,,,,
319,52.29,51.64,51.8,52.15,51.95,,,,,,,
320,52.29,51.65,51.79,52.14,51.94,,,,,,,
321,52.28,51.65,51.81,52.14,51.95,,,,,,,
322,52.28,51.64,51.81,52.15,51.95,,,,,,,
323,52.28,51.64,51.82,52.14,51.94,,,,,,,
324,52.28,51.63,51.82,52.14,51.94,,,,,,,
325,52.28,51.62,51.8,52.14,51.94,,,,,,,
326,52.27,51.64,51.81,52.14,51.94,,,,,,,
327,52.28,51.64,51.79,52.13,51.94,,,,,,,
328,52.28,51.64,51.8,52.13,51.93,,,,,,,
329,52.28,51.63,51.79,52.13,51.93,,,,,,,
330,52.28,51.62,51.8,52.13,51.93,,,,,,,
331,52.28,51.63,51.79,52.12,51.93,,,,,,,
332,52.27,51.64,51.79,52.13,51.93,,,,,,,
333,52.27,51.63,51.79,52.13,51.93,,,,,,,
334,52.27,51.63,51.78,52.13,51.93,,,,,,,
335,52.27,51.64,51.78,52.13,51.93,,,,,,,
336,52.27,51.58,51.79,52.12,51.93,,,,,,,
337,52.27,51.58,51.78,52.12,51.93,,,,,,,
338,52.27,51.59,51.78,52.12,51.93,,,,,,,
339,52.27,51.6,51.78,52.12,51.93,,,,,,,
340,52.27,51.59,51.78,52.11,51.93,,,,,,,
341,52.27,51.6,51.77,52.12,51.92,,,,,,,
342,52.27,51.6,51.78,52.12,51.92,,,,,,,
343,52.27,51.6,51.77,52.11,51.92,,,,,,,
344,52.27,51.59,51.77,52.12,51.92,,,,,,,
345,52.27,51.6,51.77,52.11,51.92,,,,,,,
346,52.26,51.61,51.77,52.11,51.92,,,,,,,
347,52.26,51.61,51.78,52.12,51.92,,,,,,,
348,52.26,51.61,51.77,52.12,51.92,,,,,,,
349,52.26,51.61,51.77,52.11,51.92,,,,,,,
350,52.26,51.61,51.77,52.12,51.92,,,,,,,
351,52.25,51.61,51.76,52.12,51.92,,,,,,,
352,52.25,51.61,51.75,52.12,51.92,,,,,,,
353,52.25,51.6,51.76,52.11,51.92,,,,,,,
354,52.25,51.58,51.75,52.12,51.91,,,,,,,
355,52.25,51.59,51.75,52.1,51.91,,,,,,,
356,52.25,51.6,51.76,52.11,51.91,,,,,,,
357,52.25,51.59,51.76,52.11,51.91,,,,,,,
358,52.25,51.58,51.75,52.1,51.91,,,,,,,
359,52.25,51.59,51.76,52.11,51.9,,,,,,,
360,52.25,51.59,51.75,52.13,51.91,,,,,,,
361,52.24,51.59,51.76,52.12,51.92,,,,,,,
362,52.24,51.6,51.76,52.11,51.92,,,,,,,
363,52.24,51.58,51.74,52.09,51.91,,,,,,,
364,52.24,51.59,51.74,52.1,51.91,,,,,,,
365,52.24,51.6,51.73,52.09,51.9,,,,,,,
366,52.24,51.59,51.74,52.1,51.9,,,,,,,
367,52.24,51.59,51.74,52.1,51.9,,,,,,,
368,52.24,51.59,51.74,52.1,51.9,,,,,,,
369,52.23,51.59,51.73,52.09,51.9,,,,,,,
370,52.23,51.59,51.74,52.1,51.9,,,,,,,
371,52.22,51.59,51.74,52.09,51.9,,,,,,,
372,52.22,51.58,51.73,52.09,51.9,,,,,,,
373,52.22,51.55,51.73,52.08,51.9,,,,,,,
374,52.23,51.55,51.73,52.08,51.9,,,,,,,
375,52.23,51.55,51.73,52.08,51.89,,,,,,,
376,52.23,51.58,51.72,52.09,51.89,,,,,,,
377,52.23,51.58,51.72,52.08,51.89,,,,,,,
378,52.23,51.57,51.72,52.08,51.89,,,,,,,
379,52.22,51.56,51.73,52.09,51.89,,,,,,,
380,52.22,51.56,51.73,52.09,51.89,,,,,,,
381,52.21,51.56,51.73,52.09,51.88,,,,,,,
382,52.21,51.56,51.73,52.09,51.89,,,,,,,
383,52.21,51.56,51.72,52.09,51.89,,,,,,,
384,52.21,51.54,51.72,52.08,51.89,,,,,,,
385,52.21,51.56,51.72,52.08,51.89,,,,,,,
386,52.21,51.56,51.71,52.08,51.88,,,,,,,
387,52.21,51.55,51.71,52.08,51.87,,,,,,,
388,52.21,51.56,51.71,52.1,51.88,,,,,,,
389,52.21,51.56,51.72,52.09,51.88,,,,,,,
390,52.21,51.56,51.71,52.08,51.88,,,,,,,
391,52.21,51.57,51.71,52.08,51.88,,,,,,,
392,52.21,51.57,51.71,52.09,51.88,,,,,,,
393,52.21,51.56,51.71,52.07,51.88,,,,,,,
394,52.21,51.54,51.71,52.08,51.88,,,,,,,
395,52.21,51.54,51.7,52.08,51.88,,,,,,,
396,52.21,51.54,51.71,52.08,51.86,,,,,,,
397,52.2,51.53,51.7,52.07,51.88,,,,,,,
398,52.21,51.54,51.71,52.07,51.87,,,,,,,
399,52.21,51.54,51.71,52.07,51.87,,,,,,,
400,52.2,51.54,51.7,52.07,51.87,,,,,,,
401,52.2,51.54,51.7,52.07,51.86,,,,,,,
402,52.2,51.54,51.7,52.07,51.85,,,,,,,
403,52.2,51.54,51.7,52.06,51.82,,,,,,,
404,52.2,51.54,51.71,52.07,51.85,,,,,,,
405,52.2,51.54,51.69,52.07,51.85,,,,,,,
406,52.2,51.54,51.68,52.07,51.85,,,,,,,
407,52.2,51.54,51.7,52.07,51.85,,,,,,,
408,52.2,51.53,51.7,52.07,51.85,,,,,,,
409,52.2,51.55,51.7,52.07,51.85,,,,,,,
410,52.19,51.54,51.7,52.07,51.85,,,,,,,
411,52.19,51.54,51.7,52.08,51.85,,,,,,,
412,52.2,51.54,51.69,52.07,51.84,,,,,,,
413,52.19,51.54,51.7,52.07,51.86,,,,,,,
414,52.19,51.54,51.69,52.06,51.85,,,,,,,
415,52.19,51.53,51.7,52.06,51.85,,,,,,,
416,52.19,51.53,51.7,52.05,51.85,,,,,,,
417,52.18,51.53,51.69,52.05,51.85,,,,,,,
418,52.18,51.53,51.7,52.05,51.84,,,,,,,
419,52.18,51.52,51.7,52.06,51.84,,,,,,,
420,52.18,51.52,51.69,52.05,51.84,,,,,,,
421,52.18,51.52,51.7,52.04,51.84,,,,,,,
422,52.18,51.5,51.68,52.06,51.84,,,,,,,
423,52.18,51.52,51.69,52.05,51.84,,,,,,,
424,52.18,51.52,51.69,52.06,51.85,,,,,,,
425,52.18,51.52,51.68,52.05,51.84,,,,,,,
426,52.18,51.52,51.69,52.03,51.84,,,,,,,
427,52.18,51.52,51.69,52.04,51.84,,,,,,,
428,52.18,51.52,51.69,52.03,51.84,,,,,,,
429,52.18,51.52,51.67,52.04,51.83,,,,,,,
430,52.18,51.53,51.69,52.04,51.83,,,,,,,
431,52.18,51.51,51.68,52.04,51.83,,,,,,,
432,52.18,51.52,51.68,52.04,51.83,,,,,,,
433,52.18,51.51,51.68,52.04,51.83,,,,,,,
434,52.17,51.5,51.68,52.04,51.83,,,,,,,
435,52.17,51.52,51.68,52.04,51.83,,,,,,,
436,52.17,51.52,51.69,52.03,51.83,,,,,,,
437,52.17,51.52,51.69,52.05,51.83,,,,,,,
438,52.17,51.52,51.68,52.03,51.83,,,,,,,
439,52.17,51.51,51.69,52.04,51.83,,,,,,,
440,52.17,51.51,51.68,52.03,51.83,,,,,,,
441,52.17,51.51,51.68,52.03,51.83,,,,,,,
442,52.17,51.52,51.68,52.04,51.84,,,,,,,
443,52.17,51.52,51.67,52.04,51.83,,,,,,,
444,52.17,51.52,51.68,52.03,51.83,,,,,,,
445,52.17,51.52,51.69,52.03,51.83,,,,,,,
446,52.17,51.52,51.67,52.03,51.83,,,,,,,
447,52.17,51.52,51.67,52.04,51.83,,,,,,,
448,52.17,51.52,51.68,52.03,51.83,,,,,,,
449,52.17,51.52,51.68,52.04,51.84,,,,,,,
450,52.16,51.52,51.68,52.04,51.82,,,,,,,
451,52.16,51.52,51.67,52.04,51.82,,,,,,,
452,52.16,51.51,51.67,52.04,51.82,,,,,,,
453,52.16,51.51,51.67,52.02,51.82,,,,,,,
454,52.16,51.51,51.67,52.03,51.82,,,,,,,
455,52.16,51.51,51.67,52.02,51.82,,,,,,,
456,52.16,51.51,51.66,52.01,51.82,,,,,,,
457,52.16,51.51,51.66,52.03,51.82,,,,,,,
458,52.16,51.51,51.66,52.03,51.82,,,,,,,
459,52.16,51.5,51.66,52.03,51.82,,,,,,,
460,52.16,51.5,51.67,52.02,51.82,,,,,,,
461,52.16,51.5,51.67,52.03,51.82,,,,,,,
462,52.15,51.5,51.67,52.03,51.81,,,,,,,
463,52.15,51.5,51.67,52.02,51.81,,,,,,,
464,52.15,51.48,51.67,52.03,51.81,,,,,,,
465,52.15,51.49,51.67,52.02,51.81,,,,,,,
466,52.15,51.49,51.67,52.02,51.81,,,,,,,
467,52.15,51.5,51.67,52.02,51.81,,,,,,,
468,52.15,51.5,51.66,52.02,51.79,,,,,,,
469,52.15,51.49,51.66,52.03,51.8,,,,,,,
470,52.15,51.49,51.66,52.02,51.8,,,,,,,
471,52.15,51.49,51.66,52.02,51.8,,,,,,,
472,52.15,51.49,51.66,52.01,51.8,,,,,,,
473,52.14,51.49,51.67,52.02,51.8,,,,,,,
474,52.14,51.49,51.66,52.02,51.8,,,,,,,
475,52.14,51.49,51.66,52.02,51.8,,,,,,,
476,52.14,51.48,51.66,52.02,51.81,,,,,,,
477,52.14,51.5,51.66,52.01,51.81,,,,,,,
478,52.14,51.49,51.65,52.01,51.81,,,,,,,
479,52.14,51.49,51.65,52.01,51.81,,,,,,,
480,52.14,51.49,51.66,52,51.81,,,,,,,
481,52.14,51.5,51.66,52.01,51.81,,,,,,,
482,52.13,51.5,51.66,52.02,51.81,,,,,,,
483,52.13,51.49,51.66,52.01,51.81,,,,,,,
484,52.13,51.47,51.65,52.01,51.8,,,,,,,
485,52.13,51.47,51.64,52.01,51.8,,,,,,,
486,52.13,51.48,51.64,52.02,51.8,,,,,,,
487,52.13,51.49,51.64,52.02,51.8,,,,,,,
488,52.13,51.49,51.65,52.01,51.8,,,,,,,
489,52.13,51.49,51.64,52.01,51.8,,,,,,,
490,52.12,51.49,51.64,52.01,51.8,,,,,,,
491,52.12,51.49,51.64,52,51.8,,,,,,,
492,52.13,51.5,51.64,52.02,51.8,,,,,,,
493,52.13,51.51,51.63,52.02,51.8,,,,,,,
494,52.13,51.51,51.64,52.01,51.8,,,,,,,
495,52.13,51.5,51.64,52.01,51.8,,,,,,,
496,52.13,51.5,51.63,52.01,51.79,,,,,,,
497,52.13,51.49,51.61,52,51.79,,,,,,,
498,52.13,51.49,51.6,52.01,51.79,,,,,,,
499,52.13,51.47,51.61,52.02,51.79,,,,,,,
500,52.13,51.48,51.61,52.02,51.79,,,,,,,
501,52.13,51.49,51.61,52.01,51.79,,,,,,,
502,52.13,51.48,51.61,52,51.79,,,,,,,
503,52.13,51.48,51.61,52.01,51.78,,,,,,,
504,52.12,51.48,51.61,52.01,51.78,,,,,,,
505,52.12,51.48,51.62,52.01,51.78,,,,,,,
506,52.12,51.47,51.61,52,51.78,,,,,,,
507,52.12,51.48,51.63,52,51.78,,,,,,,
508,52.12,51.48,51.63,52.01,51.78,,,,,,,
509,52.12,51.48,51.62,51.99,51.78,,,,,,,
510,52.12,51.48,51.63,51.99,51.78,,,,,,,
511,52.12,51.48,51.63,52,51.77,,,,,,,
512,52.12,51.48,51.62,52,51.78,,,,,,,
513,52.12,51.47,51.62,52,51.78,,,,,,,
514,52.12,51.47,51.62,51.99,51.77,,,,,,,
515,52.12,51.47,51.62,52.01,51.78,,,,,,,
516,52.12,51.47,51.63,52,51.78,,,,,,,
517,52.12,51.47,51.62,52,51.78,,,,,,,
518,52.11,51.47,51.62,51.99,51.78,,,,,,,
519,52.11,51.47,51.62,51.99,51.78,,,,,,,
520,52.11,51.45,51.61,51.99,51.78,,,,,,,
521,52.11,51.45,51.61,52,51.77,,,,,,,
522,52.11,51.45,51.61,51.98,51.77,,,,,,,
523,52.11,51.46,51.61,51.98,51.77,,,,,,,
524,52.11,51.46,51.61,51.98,51.77,,,,,,,
525,52.11,51.45,51.61,51.99,51.77,,,,,,,
526,52.11,51.44,51.61,52,51.77,,,,,,,
527,52.11,51.46,51.61,51.99,51.77,,,,,,,
528,52.11,51.46,51.6,51.99,51.77,,,,,,,
529,52.11,51.46,51.61,51.99,51.78,,,,,,,
530,52.1,51.46,51.61,51.99,51.77,,,,,,,
531,52.1,51.45,51.61,51.98,51.77,,,,,,,
532,52.1,51.46,51.62,51.98,51.76,,,,,,,
533,52.1,51.46,51.62,51.98,51.77,,,,,,,
534,52.1,51.45,51.62,51.98,51.77,,,,,,,
535,52.1,51.45,51.61,51.97,51.77,,,,,,,
536,52.1,51.45,51.61,51.97,51.77,,,,,,,
537,52.1,51.45,51.62,51.97,51.77,,,,,,,
538,52.1,51.44,51.61,51.97,51.76,,,,,,,
539,52.1,51.44,51.61,51.97,51.76,,,,,,,
540,52.1,51.44,51.61,51.96,51.76,,,,,,,
541,52.09,51.43,51.61,51.98,51.76,,,,,,,
542,52.09,51.44,51.61,51.97,51.75,,,,,,,
543,52.09,51.44,51.6,51.97,51.76,,,,,,,
544,52.09,51.45,51.61,51.97,51.76,,,,,,,
545,52.1,51.45,51.6,51.97,51.76,,,,,,,
546,52.1,51.45,51.61,51.99,51.76,,,,,,,
547,52.1,51.45,51.62,51.97,51.76,,,,,,,
548,52.1,51.43,51.61,51.96,51.76,,,,,,,
549,52.1,51.43,51.61,51.97,51.76,,,,,,,
550,52.1,51.43,51.61,51.97,51.76,,,,,,,
551,52.1,51.43,51.62,51.97,51.75,,,,,,,
552,52.09,51.43,51.61,51.97,51.75,,,,,,,
553,52.09,51.43,51.61,51.96,51.75,,,,,,,
554,52.09,51.41,51.6,51.97,51.75,,,,,,,
555,52.09,51.42,51.6,51.97,51.74,,,,,,,
556,52.09,51.41,51.61,51.98,51.75,,,,,,,
557,52.09,51.41,51.61,51.96,51.75,,,,,,,
558,52.09,51.41,51.61,51.97,51.75,,,,,,,
559,52.09,51.41,51.61,51.97,51.75,,,,,,,
560,52.09,51.42,51.61,51.96,51.75,,,,,,,
561,52.09,51.42,51.6,51.96,51.75,,,,,,,
562,52.09,51.41,51.6,51.96,51.75,,,,,,,
563,52.09,51.4,51.59,51.95,51.75,,,,,,,
564,52.09,51.4,51.59,51.96,51.75,,,,,,,
565,52.07,51.41,51.6,51.96,51.75,,,,,,,
566,52.05,51.41,51.59,51.97,51.75,,,,,,,
567,52.03,51.41,51.59,51.95,51.75,,,,,,,
568,52.03,51.4,51.58,51.95,51.75,,,,,,,
569,52.03,51.4,51.59,51.96,51.74,,,,,,,
570,52.04,51.4,51.59,51.95,51.75,,,,,,,
571,52.06,51.4,51.59,51.95,51.74,,,,,,,
572,52.06,51.4,51.59,51.95,51.74,,,,,,,
573,52.07,51.41,51.59,51.96,51.74,,,,,,,
574,52.07,51.4,51.59,51.96,51.74,,,,,,,
575,52.07,51.41,51.59,51.95,51.74,,,,,,,
576,52.07,51.41,51.59,51.95,51.74,,,,,,,
577,52.07,51.41,51.59,51.95,51.74,,,,,,,
578,52.07,51.42,51.58,51.95,51.74,,,,,,,
579,52.07,51.42,51.58,51.95,51.74,,,,,,,
580,52.07,51.41,51.59,51.96,51.74,,,,,,,
581,52.07,51.41,51.59,51.95,51.74,,,,,,,
582,52.07,51.41,51.58,51.95,51.74,,,,,,,
583,52.07,51.41,51.59,51.95,51.73,,,,,,,
584,52.06,51.41,51.59,51.95,51.73,,,,,,,
585,52.06,51.41,51.58,51.95,51.73,,,,,,,
586,52.06,51.41,51.59,51.94,51.73,,,,,,,
587,52.06,51.41,51.59,51.94,51.73,,,,,,,
588,52.07,51.41,51.59,51.93,51.73,,,,,,,
589,52.07,51.4,51.59,51.94,51.73,,,,,,,
590,52.07,51.4,51.58,51.94,51.73,,,,,,,
591,52.06,51.4,51.58,51.94,51.72,,,,,,,
592,52.06,51.37,51.58,51.93,51.72,,,,,,,
593,52.05,51.39,51.57,51.95,51.73,,,,,,,
594,52.06,51.4,51.57,51.94,51.73,,,,,,,
595,52.06,51.4,51.58,51.94,51.72,,,,,,,
596,52.06,51.4,51.57,51.94,51.72,,,,,,,
597,52.06,51.4,51.58,51.93,51.72,,,,,,,
598,52.06,51.4,51.58,51.96,51.72,,,,,,,
599,52.06,51.4,51.58,51.94,51.72,,,,,,,
600,52.05,51.4,51.57,51.94,51.71,,,,,,,