,,,,,,,,,,,,,,,,,,,,,,,,
,Trial 1,,,Trial 2,,,Trial 3,,,Trial 4,,,Trial 5,,,,Rate (all) (g/s),Rate (initial) (g/s),,,,,,
,Time (s),Mass (g),,Time (s),Mass (g),,Time (s),Mass (g),,Time (s),Mass (g),,Time (s),Mass (g),,Trial 1,-1.681E-3,-3.333E-3,,,,,,
,0,53.06,,0,52.39,,0,52.49,,0,52.84,,0,52.63,,Trial 2,-1.681E-3,-4.000E-3,,Average (all) (g/s),No Outliers Rate (all) (g/s) ,,Average (initial) (g/s),No Outliers Rate (initial) (g/s)
,1,53.07,,1,52.38,,1,52.49,,1,52.85,,1,52.62,,Trial 3,-1.546E-3,-4.000E-3,,-1.600E-3,-1.591E-3,,-3.800E-3,-3.778E-3
,2,53.07,,2,52.38,,2,52.49,,2,52.87,,2,52.62,,Trial 4,-1.546E-3,-4.667E-3,,,,,,
,3,53.06,,3,52.38,,3,52.49,,3,52.88,,3,52.62,,Trial 5,-1.546E-3,-3.000E-3,,,,,,
,4,53.05,,4,52.39,,4,52.49,,4,52.87,,4,52.63,,,,,,,,,,
,5,53.05,,5,52.4,,5,52.49,,5,52.86,,5,52.63,,,,,,,,,,
,6,53.04,,6,52.4,,6,52.49,,6,52.86,,6,52.63,,,,,,,,,,
,7,53.04,,7,52.39,,7,52.49,,7,52.86,,7,52.61,,,,,,,,,,
,8,53.04,,8,52.39,,8,52.48,,8,52.85,,8,52.61,,,,,,,,,,
,9,53.02,,9,52.39,,9,52.48,,9,52.84,,9,52.61,,,,,,,,,,
,10,53.02,,10,52.38,,10,52.47,,10,52.84,,10,52.61,,,,,,,,,,
,11,53.01,,11,52.38,,11,52.46,,11,52.84,,11,52.61,,,,,,,,,,
,12,53.01,,12,52.38,,12,52.46,,12,52.84,,12,52.6,,,,,,,,,,
,13,53.02,,13,52.38,,13,52.46,,13,52.83,,13,52.6,,,,,,,,,,
,14,53.01,,14,52.38,,14,52.46,,14,52.83,,14,52.59,,,,,,,,,,
,15,53.01,,15,52.36,,15,52.46,,15,52.83,,15,52.59,,,,,,,,,,
,16,53.01,,16,52.36,,16,52.44,,16,52.83,,16,52.59,,,,,,,,,,
,17,53.01,,17,52.36,,17,52.44,,17,52.82,,17,52.59,,,,,,,,,,
,18,53.01,,18,52.36,,18,52.44,,18,52.83,,18,52.59,,,,,,,,,,
,19,53,,19,52.36,,19,52.44,,19,52.83,,19,52.58,,,,,,,,,,
,20,52.99,,20,52.35,,20,52.43,,20,52.81,,20,52.58,,,,,,,,,,
,21,52.99,,21,52.34,,21,52.42,,21,52.81,,21,52.58,,,,,,,,,,
,22,52.99,,22,52.33,,22,52.45,,22,52.8,,22,52.58,,,,,,,,,,
,23,52.99,,23,52.34,,23,52.45,,23,52.79,,23,52.56,,,,,,,,,,
,24,52.97,,24,52.34,,24,52.44,,24,52.8,,24,52.57,,,,,,,,,,
,25,52.97,,25,52.32,,25,52.43,,25,52.8,,25,52.56,,,,,,,,,,
,26,52.98,,26,52.32,,26,52.43,,26,52.79,,26,52.56,,,,,,,,,,
,27,52.98,,27,52.32,,27,52.42,,27,52.79,,27,52.56,,,,,,,,,,
,28,52.96,,28,52.31,,28,52.42,,28,52.8,,28,52.55,,,,,,,,,,
,29,52.96,,29,52.31,,29,52.42,,29,52.79,,29,52.55,,,,,,,,,,
,30,52.96,,30,52.31,,30,52.41,,30,52.79,,30,52.55,,,,,,,,,,
,31,52.95,,31,52.31,,31,52.41,,31,52.77,,31,52.55,,,,,,,,,,
,32,52.94,,32,52.31,,32,52.39,,32,52.77,,32,52.53,,,,,,,,,,
,33,52.94,,33,52.3,,33,52.4,,33,52.76,,33,52.53,,,,,,,,,,
,34,52.94,,34,52.3,,34,52.39,,34,52.77,,34,52.52,,,,,,,,,,
,35,52.94,,35,52.29,,35,52.39,,35,52.76,,35,52.53,,,,,,,,,,
,36,52.93,,36,52.29,,36,52.38,,36,52.76,,36,52.51,,,,,,,,,,
,37,52.92,,37,52.22,,37,52.38,,37,52.76,,37,52.53,,,,,,,,,,
,38,52.92,,38,52.27,,38,52.38,,38,52.74,,38,52.53,,,,,,,,,,
,39,52.92,,39,52.26,,39,52.38,,39,52.73,,39,52.52,,,,,,,,,,
,40,52.92,,40,52.26,,40,52.37,,40,52.7,,40,52.52,,,,,,,,,,
,41,52.92,,41,52.23,,41,52.37,,41,52.73,,41,52.53,,,,,,,,,,
,42,52.91,,42,52.24,,42,52.36,,42,52.73,,42,52.52,,,,,,,,,,
,43,52.91,,43,52.22,,43,52.37,,43,52.73,,43,52.51,,,,,,,,,,
,44,52.91,,44,52.24,,44,52.36,,44,52.73,,44,52.51,,,,,,,,,,
,45,52.9,,45,52.24,,45,52.35,,45,52.73,,45,52.51,,,,,,,,,,
,46,52.89,,46,52.24,,46,52.36,,46,52.71,,46,52.5,,,,,,,,,,
,47,52.89,,47,52.24,,47,52.37,,47,52.73,,47,52.5,,,,,,,,,,
,48,52.89,,48,52.24,,48,52.36,,48,52.71,,48,52.5,,,,,,,,,,
,49,52.89,,49,52.22,,49,52.35,,49,52.7,,49,52.49,,,,,,,,,,
,50,52.88,,50,52.22,,50,52.35,,50,52.71,,50,52.49,,,,,,,,,,
,51,52.88,,51,52.21,,51,52.35,,51,52.71,,51,52.49,,,,,,,,,,
,52,52.88,,52,52.23,,52,52.34,,52,52.69,,52,52.49,,,,,,,,,,
,53,52.87,,53,52.21,,53,52.35,,53,52.73,,53,52.48,,,,,,,,,,
,54,52.86,,54,52.2,,54,52.34,,54,52.72,,54,52.47,,,,,,,,,,
,55,52.86,,55,52.18,,55,52.34,,55,52.72,,55,52.48,,,,,,,,,,
,56,52.86,,56,52.2,,56,52.33,,56,52.71,,56,52.48,,,,,,,,,,
,57,52.86,,57,52.2,,57,52.32,,57,52.71,,57,52.47,,,,,,,,,,
,58,52.86,,58,52.2,,58,52.32,,58,52.7,,58,52.46,,,,,,,,,,
,59,52.86,,59,52.21,,59,52.32,,59,52.69,,59,52.46,,,,,,,,,,
,60,52.85,,60,52.19,,60,52.32,,60,52.69,,60,52.46,,,,,,,,,,
,61,52.85,,61,52.19,,61,52.32,,61,52.69,,61,52.46,,,,,,,,,,
,62,52.83,,62,52.18,,62,52.31,,62,52.69,,62,52.45,,,,,,,,,,
,63,52.83,,63,52.18,,63,52.3,,63,52.69,,63,52.45,,,,,,,,,,
,64,52.83,,64,52.18,,64,52.31,,64,52.69,,64,52.45,,,,,,,,,,
,65,52.83,,65,52.19,,65,52.31,,65,52.68,,65,52.45,,,,,,,,,,
,66,52.83,,66,52.17,,66,52.3,,66,52.68,,66,52.45,,,,,,,,,,
,67,52.83,,67,52.18,,67,52.3,,67,52.67,,67,52.45,,,,,,,,,,
,68,52.82,,68,52.18,,68,52.3,,68,52.66,,68,52.44,,,,,,,,,,
,69,52.82,,69,52.16,,69,52.29,,69,52.66,,69,52.44,,,,,,,,,,
,70,52.81,,70,52.17,,70,52.28,,70,52.66,,70,52.44,,,,,,,,,,
,71,52.81,,71,52.16,,71,52.28,,71,52.66,,71,52.44,,,,,,,,,,
,72,52.81,,72,52.13,,72,52.27,,72,52.66,,72,52.43,,,,,,,,,,
,73,52.81,,73,52.14,,73,52.27,,73,52.65,,73,52.43,,,,,,,,,,
,74,52.81,,74,52.15,,74,52.27,,74,52.66,,74,52.42,,,,,,,,,,
,75,52.8,,75,52.15,,75,52.27,,75,52.64,,75,52.41,,,,,,,,,,
,76,52.8,,76,52.15,,76,52.26,,76,52.65,,76,52.4,,,,,,,,,,
,77,52.79,,77,52.14,,77,52.25,,77,52.64,,77,52.42,,,,,,,,,,
,78,52.79,,78,52.14,,78,52.26,,78,52.63,,78,52.4,,,,,,,,,,
,79,52.79,,79,52.14,,79,52.26,,79,52.63,,79,52.41,,,,,,,,,,
,80,52.79,,80,52.13,,80,52.25,,80,52.62,,80,52.41,,,,,,,,,,
,81,52.78,,81,52.12,,81,52.25,,81,52.61,,81,52.4,,,,,,,,,,
,82,52.78,,82,52.12,,82,52.25,,82,52.6,,82,52.4,,,,,,,,,,
,83,52.77,,83,52.12,,83,52.24,,83,52.62,,83,52.4,,,,,,,,,,
,84,52.77,,84,52.12,,84,52.24,,84,52.61,,84,52.4,,,,,,,,,,
,85,52.76,,85,52.12,,85,52.24,,85,52.6,,85,52.39,,,,,,,,,,
,86,52.75,,86,52.11,,86,52.24,,86,52.61,,86,52.39,,,,,,,,,,
,87,52.75,,87,52.1,,87,52.24,,87,52.6,,87,52.38,,,,,,,,,,
,88,52.74,,88,52.09,,88,52.23,,88,52.59,,88,52.37,,,,,,,,,,
,89,52.73,,89,52.09,,89,52.24,,89,52.6,,89,52.38,,,,,,,,,,
,90,52.72,,90,52.09,,90,52.23,,90,52.59,,90,52.38,,,,,,,,,,
,91,52.72,,91,52.07,,91,52.22,,91,52.57,,91,52.38,,,,,,,,,,
,92,52.73,,92,52.07,,92,52.23,,92,52.57,,92,52.37,,,,,,,,,,
,93,52.73,,93,52.08,,93,52.22,,93,52.56,,93,52.37,,,,,,,,,,
,94,52.73,,94,52.06,,94,52.22,,94,52.57,,94,52.36,,,,,,,,,,
,95,52.72,,95,52.07,,95,52.21,,95,52.58,,95,52.36,,,,,,,,,,
,96,52.72,,96,52.07,,96,52.21,,96,52.56,,96,52.35,,,,,,,,,,
,97,52.73,,97,52.06,,97,52.21,,97,52.56,,97,52.36,,,,,,,,,,
,98,52.72,,98,52.06,,98,52.21,,98,52.56,,98,52.36,,,,,,,,,,
,99,52.72,,99,52.06,,99,52.21,,99,52.55,,99,52.36,,,,,,,,,,
,100,52.72,,100,52.06,,100,52.2,,100,52.55,,100,52.36,,,,,,,,,,
,101,52.72,,101,52.06,,101,52.2,,101,52.55,,101,52.35,,,,,,,,,,
,102,52.71,,102,52.06,,102,52.19,,102,52.55,,102,52.35,,,,,,,,,,
,103,52.71,,103,52.05,,103,52.19,,103,52.55,,103,52.34,,,,,,,,,,
,104,52.7,,104,52.05,,104,52.19,,104,52.55,,104,52.35,,,,,,,,,,
,105,52.7,,105,52.05,,105,52.19,,105,52.55,,105,52.34,,,,,,,,,,
,106,52.7,,106,52.06,,106,52.17,,106,52.54,,106,52.34,,,,,,,,,,
,107,52.69,,107,52.05,,107,52.17,,107,52.52,,107,52.34,,,,,,,,,,
,108,52.69,,108,52.04,,108,52.17,,108,52.53,,108,52.33,,,,,,,,,,
,109,52.69,,109,52.04,,109,52.17,,109,52.54,,109,52.33,,,,,,,,,,
,110,52.68,,110,52.04,,110,52.17,,110,52.54,,110,52.33,,,,,,,,,,
,111,52.67,,111,52.02,,111,52.17,,111,52.52,,111,52.33,,,,,,,,,,
,112,52.66,,112,52.02,,112,52.17,,112,52.53,,112,52.33,,,,,,,,,,
,113,52.67,,113,52.02,,113,52.16,,113,52.53,,113,52.33,,,,,,,,,,
,114,52.66,,114,52.02,,114,52.17,,114,52.53,,114,52.32,,,,,,,,,,
,115,52.67,,115,52.01,,115,52.17,,115,52.51,,115,52.31,,,,,,,,,,
,116,52.67,,116,52.01,,116,52.16,,116,52.52,,116,52.31,,,,,,,,,,
,117,52.67,,117,52.01,,117,52.16,,117,52.5,,117,52.31,,,,,,,,,,
,118,52.66,,118,52.01,,118,52.15,,118,52.51,,118,52.31,,,,,,,,,,
,119,52.65,,119,52.01,,119,52.15,,119,52.49,,119,52.31,,,,,,,,,,
,120,52.64,,120,52,,120,52.16,,120,52.51,,120,52.3,,,,,,,,,,
,121,52.63,,121,52,,121,52.14,,121,52.51,,121,52.29,,,,,,,,,,
,122,52.63,,122,52,,122,52.14,,122,52.5,,122,52.27,,,,,,,,,,
,123,52.63,,123,51.99,,123,52.14,,123,52.48,,123,52.29,,,,,,,,,,
,124,52.63,,124,51.99,,124,52.13,,124,52.48,,124,52.28,,,,,,,,,,
,125,52.63,,125,51.99,,125,52.12,,125,52.48,,125,52.29,,,,,,,,,,
,126,52.63,,126,51.99,,126,52.13,,126,52.48,,126,52.3,,,,,,,,,,
,127,52.63,,127,51.99,,127,52.13,,127,52.47,,127,52.29,,,,,,,,,,
,128,52.62,,128,51.99,,128,52.13,,128,52.47,,128,52.28,,,,,,,,,,
,129,52.62,,129,51.98,,129,52.13,,129,52.46,,129,52.28,,,,,,,,,,
,130,52.62,,130,51.97,,130,52.12,,130,52.45,,130,52.28,,,,,,,,,,
,131,52.61,,131,51.98,,131,52.11,,131,52.45,,131,52.28,,,,,,,,,,
,132,52.61,,132,51.97,,132,52.1,,132,52.45,,132,52.27,,,,,,,,,,
,133,52.6,,133,51.97,,133,52.1,,133,52.45,,133,52.26,,,,,,,,,,
,134,52.6,,134,51.97,,134,52.1,,134,52.44,,134,52.26,,,,,,,,,,
,135,52.59,,135,51.96,,135,52.1,,135,52.44,,135,52.26,,,,,,,,,,
,136,52.58,,136,51.96,,136,52.09,,136,52.44,,136,52.24,,,,,,,,,,
,137,52.57,,137,51.95,,137,52.09,,137,52.43,,137,52.25,,,,,,,,,,
,138,52.57,,138,51.96,,138,52.1,,138,52.44,,138,52.25,,,,,,,,,,
,139,52.58,,139,51.96,,139,52.08,,139,52.45,,139,52.25,,,,,,,,,,
,140,52.58,,140,51.96,,140,52.06,,140,52.44,,140,52.25,,,,,,,,,,
,141,52.58,,141,51.95,,141,52.07,,141,52.44,,141,52.24,,,,,,,,,,
,142,52.58,,142,51.94,,142,52.08,,142,52.44,,142,52.24,,,,,,,,,,
,143,52.58,,143,51.94,,143,52.08,,143,52.44,,143,52.24,,,,,,,,,,
,144,52.58,,144,51.95,,144,52.07,,144,52.43,,144,52.23,,,,,,,,,,
,145,52.57,,145,51.94,,145,52.08,,145,52.43,,145,52.23,,,,,,,,,,
,146,52.57,,146,51.94,,146,52.08,,146,52.44,,146,52.23,,,,,,,,,,
,147,52.57,,147,51.94,,147,52.06,,147,52.42,,147,52.23,,,,,,,,,,
,148,52.57,,148,51.93,,148,52.07,,148,52.42,,148,52.23,,,,,,,,,,
,149,52.57,,149,51.93,,149,52.07,,149,52.42,,149,52.22,,,,,,,,,,
,150,52.57,,150,51.93,,150,52.06,,150,52.42,,150,52.21,,,,,,,,,,
,151,52.57,,151,51.93,,151,52.05,,151,52.43,,151,52.22,,,,,,,,,,
,152,52.57,,152,51.93,,152,52.05,,152,52.42,,152,52.22,,,,,,,,,,
,153,52.57,,153,51.91,,153,52.05,,153,52.42,,153,52.22,,,,,,,,,,
,154,52.57,,154,51.92,,154,52.05,,154,52.41,,154,52.21,,,,,,,,,,
,155,52.55,,155,51.92,,155,52.05,,155,52.4,,155,52.21,,,,,,,,,,
,156,52.54,,156,51.92,,156,52.06,,156,52.41,,156,52.2,,,,,,,,,,
,157,52.54,,157,51.92,,157,52.05,,157,52.4,,157,52.2,,,,,,,,,,
,158,52.54,,158,51.91,,158,52.04,,158,52.4,,158,52.2,,,,,,,,,,
,159,52.54,,159,51.91,,159,52.04,,159,52.41,,159,52.19,,,,,,,,,,
,160,52.54,,160,51.91,,160,52.04,,160,52.4,,160,52.2,,,,,,,,,,
,161,52.53,,161,51.91,,161,52.04,,161,52.39,,161,52.19,,,,,,,,,,
,162,52.53,,162,51.91,,162,52.04,,162,52.4,,162,52.2,,,,,,,,,,
,163,52.53,,163,51.9,,163,52.04,,163,52.39,,163,52.2,,,,,,,,,,
,164,52.53,,164,51.89,,164,52.04,,164,52.4,,164,52.2,,,,,,,,,,
,165,52.52,,165,51.9,,165,52.04,,165,52.39,,165,52.19,,,,,,,,,,
,166,52.52,,166,51.88,,166,52.03,,166,52.38,,166,52.19,,,,,,,,,,
,167,52.52,,167,51.88,,167,52.04,,167,52.38,,167,52.19,,,,,,,,,,
,168,52.52,,168,51.87,,168,52.05,,168,52.38,,168,52.19,,,,,,,,,,
,169,52.52,,169,51.87,,169,52.04,,169,52.38,,169,52.19,,,,,,,,,,
,170,52.52,,170,51.87,,170,52.03,,170,52.37,,170,52.19,,,,,,,,,,
,171,52.5,,171,51.87,,171,52.03,,171,52.37,,171,52.19,,,,,,,,,,
,172,52.51,,172,51.88,,172,52.03,,172,52.38,,172,52.19,,,,,,,,,,
,173,52.51,,173,51.88,,173,52.03,,173,52.38,,173,52.19,,,,,,,,,,
,174,52.5,,174,51.87,,174,52.03,,174,52.36,,174,52.18,,,,,,,,,,
,175,52.49,,175,51.87,,175,52.03,,175,52.37,,175,52.18,,,,,,,,,,
,176,52.49,,176,51.85,,176,52.02,,176,52.38,,176,52.18,,,,,,,,,,
,177,52.48,,177,51.87,,177,52.02,,177,52.37,,177,52.17,,,,,,,,,,
,178,52.49,,178,51.86,,178,52.02,,178,52.37,,178,52.17,,,,,,,,,,
,179,52.5,,179,51.86,,179,52.01,,179,52.38,,179,52.18,,,,,,,,,,
,180,52.49,,180,51.87,,180,52.01,,180,52.36,,180,52.17,,,,,,,,,,
,181,52.49,,181,51.87,,181,52,,181,52.36,,181,52.17,,,,,,,,,,
,182,52.49,,182,51.86,,182,52.01,,182,52.37,,182,52.17,,,,,,,,,,
,183,52.49,,183,51.86,,183,52.01,,183,52.36,,183,52.16,,,,,,,,,,
,184,52.49,,184,51.86,,184,52,,184,52.36,,184,52.16,,,,,,,,,,
,185,52.49,,185,51.86,,185,52.01,,185,52.35,,185,52.15,,,,,,,,,,
,186,52.48,,186,51.86,,186,52,,186,52.36,,186,52.14,,,,,,,,,,
,187,52.48,,187,51.85,,187,51.99,,187,52.35,,187,52.14,,,,,,,,,,
,188,52.48,,188,51.85,,188,52,,188,52.36,,188,52.14,,,,,,,,,,
,189,52.48,,189,51.83,,189,52,,189,52.33,,189,52.13,,,,,,,,,,
,190,52.48,,190,51.84,,190,52,,190,52.35,,190,52.13,,,,,,,,,,
,191,52.47,,191,51.83,,191,52.01,,191,52.33,,191,52.13,,,,,,,,,,
,192,52.48,,192,51.82,,192,52,,192,52.33,,192,52.12,,,,,,,,,,
,193,52.48,,193,51.82,,193,52,,193,52.32,,193,52.12,,,,,,,,,,
,194,52.47,,194,51.82,,194,52,,194,52.33,,194,52.11,,,,,,,,,,
,195,52.47,,195,51.82,,195,52,,195,52.33,,195,52.12,,,,,,,,,,
,196,52.46,,196,51.82,,196,51.99,,196,52.33,,196,52.12,,,,,,,,,,
,197,52.46,,197,51.82,,197,51.98,,197,52.33,,197,52.13,,,,,,,,,,
,198,52.46,,198,51.82,,198,51.98,,198,52.33,,198,52.12,,,,,,,,,,
,199,52.46,,199,51.82,,199,51.98,,199,52.32,,199,52.12,,,,,,,,,,
,200,52.46,,200,51.81,,200,51.98,,200,52.32,,200,52.11,,,,,,,,,,
,201,52.46,,201,51.81,,201,51.96,,201,52.32,,201,52.12,,,,,,,,,,
,202,52.46,,202,51.8,,202,51.97,,202,52.32,,202,52.12,,,,,,,,,,
,203,52.46,,203,51.8,,203,51.97,,203,52.32,,203,52.12,,,,,,,,,,
,204,52.46,,204,51.8,,204,51.98,,204,52.31,,204,52.12,,,,,,,,,,
,205,52.45,,205,51.8,,205,51.96,,205,52.31,,205,52.1,,,,,,,,,,
,206,52.45,,206,51.81,,206,51.97,,206,52.32,,206,52.11,,,,,,,,,,
,207,52.45,,207,51.81,,207,51.97,,207,52.31,,207,52.11,,,,,,,,,,
,208,52.45,,208,51.81,,208,51.97,,208,52.31,,208,52.1,,,,,,,,,,
,209,52.45,,209,51.81,,209,51.96,,209,52.29,,209,52.1,,,,,,,,,,
,210,52.45,,210,51.8,,210,51.96,,210,52.3,,210,52.09,,,,,,,,,,
,211,52.44,,211,51.8,,211,51.97,,211,52.29,,211,52.1,,,,,,,,,,
,212,52.44,,212,51.8,,212,51.97,,212,52.29,,212,52.11,,,,,,,,,,
,213,52.44,,213,51.8,,213,51.95,,213,52.29,,213,52.1,,,,,,,,,,
,214,52.43,,214,51.79,,214,51.94,,214,52.3,,214,52.1,,,,,,,,,,
,215,52.43,,215,51.8,,215,51.94,,215,52.29,,215,52.08,,,,,,,,,,
,216,52.43,,216,51.79,,216,51.93,,216,52.29,,216,52.08,,,,,,,,,,
,217,52.42,,217,51.78,,217,51.94,,217,52.29,,217,52.09,,,,,,,,,,
,218,52.42,,218,51.79,,218,51.94,,218,52.28,,218,52.09,,,,,,,,,,
,219,52.42,,219,51.78,,219,51.94,,219,52.28,,219,52.09,,,,,,,,,,
,220,52.42,,220,51.79,,220,51.93,,220,52.28,,220,52.06,,,,,,,,,,
,221,52.42,,221,51.78,,221,51.93,,221,52.29,,221,52.07,,,,,,,,,,
,222,52.42,,222,51.78,,222,51.93,,222,52.27,,222,52.07,,,,,,,,,,
,223,52.41,,223,51.78,,223,51.93,,223,52.27,,223,52.07,,,,,,,,,,
,224,52.4,,224,51.78,,224,51.92,,224,52.26,,224,52.07,,,,,,,,,,
,225,52.41,,225,51.79,,225,51.92,,225,52.27,,225,52.07,,,,,,,,,,
,226,52.41,,226,51.79,,226,51.92,,226,52.28,,226,52.07,,,,,,,,,,
,227,52.41,,227,51.79,,227,51.92,,227,52.27,,227,52.06,,,,,,,,,,
,228,52.41,,228,51.78,,228,51.92,,228,52.27,,228,52.06,,,,,,,,,,
,229,52.41,,229,51.77,,229,51.93,,229,52.27,,229,52.07,,,,,,,,,,
,230,52.41,,230,51.77,,230,51.93,,230,52.26,,230,52.06,,,,,,,,,,
,231,52.41,,231,51.77,,231,51.92,,231,52.26,,231,52.06,,,,,,,,,,
,232,52.4,,232,51.76,,232,51.92,,232,52.25,,232,52.05,,,,,,,,,,
,233,52.4,,233,51.77,,233,51.92,,233,52.25,,233,52.06,,,,,,,,,,
,234,52.39,,234,51.78,,234,51.92,,234,52.26,,234,52.05,,,,,,,,,,
,235,52.39,,235,51.77,,235,51.92,,235,52.25,,235,52.05,,,,,,,,,,
,236,52.4,,236,51.77,,236,51.91,,236,52.24,,236,52.05,,,,,,,,,,
,237,52.4,,237,51.77,,237,51.91,,237,52.25,,237,52.05,,,,,,,,,,
,238,52.39,,238,51.76,,238,51.91,,238,52.26,,238,52.05,,,,,,,,,,
,239,52.39,,239,51.75,,239,51.9,,239,52.26,,239,52.04,,,,,,,,,,
,240,52.39,,240,51.75,,240,51.9,,240,52.25,,240,52.05,,,,,,,,,,
,241,52.39,,241,51.75,,241,51.9,,241,52.25,,241,52.04,,,,,,,,,,
,242,52.38,,242,51.76,,242,51.9,,242,52.26,,242,52.04,,,,,,,,,,
,243,52.38,,243,51.75,,243,51.89,,243,52.26,,243,52.04,,,,,,,,,,
,244,52.38,,244,51.76,,244,51.9,,244,52.24,,244,52.03,,,,,,,,,,
,245,52.38,,245,51.75,,245,51.88,,245,52.25,,245,52.03,,,,,,,,,,
,246,52.38,,246,51.76,,246,51.9,,246,52.23,,246,52.04,,,,,,,,,,
,247,52.38,,247,51.75,,247,51.89,,247,52.25,,247,52.04,,,,,,,,,,
,248,52.37,,248,51.75,,248,51.89,,248,52.25,,248,52.04,,,,,,,,,,
,249,52.37,,249,51.75,,249,51.9,,249,52.25,,249,52.04,,,,,,,,,,
,250,52.38,,250,51.75,,250,51.89,,250,52.25,,250,52.03,,,,,,,,,,
,251,52.38,,251,51.74,,251,51.88,,251,52.25,,251,52.04,,,,,,,,,,
,252,52.37,,252,51.74,,252,51.88,,252,52.24,,252,52.03,,,,,,,,,,
,253,52.37,,253,51.74,,253,51.88,,253,52.25,,253,52.03,,,,,,,,,,
,254,52.37,,254,51.74,,254,51.88,,254,52.23,,254,52.03,,,,,,,,,,
,255,52.37,,255,51.73,,255,51.88,,255,52.23,,255,52.03,,,,,,,,,,
,256,52.37,,256,51.72,,256,51.89,,256,52.24,,256,52.03,,,,,,,,,,
,257,52.37,,257,51.72,,257,51.88,,257,52.24,,257,52.03,,,,,,,,,,
,258,52.36,,258,51.72,,258,51.88,,258,52.23,,258,52.03,,,,,,,,,,
,259,52.36,,259,51.72,,259,51.88,,259,52.22,,259,52.03,,,,,,,,,,
,260,52.36,,260,51.73,,260,51.88,,260,52.23,,260,52.03,,,,,,,,,,
,261,52.36,,261,51.72,,261,51.88,,261,52.23,,261,52.03,,,,,,,,,,
,262,52.36,,262,51.71,,262,51.87,,262,52.22,,262,52.02,,,,,,,,,,
,263,52.36,,263,51.71,,263,51.87,,263,52.22,,263,52.02,,,,,,,,,,
,264,52.36,,264,51.71,,264,51.86,,264,52.22,,264,52.02,,,,,,,,,,
,265,52.35,,265,51.71,,265,51.87,,265,52.21,,265,52.02,,,,,,,,,,
,266,52.35,,266,51.72,,266,51.87,,266,52.2,,266,52.02,,,,,,,,,,
,267,52.35,,267,51.72,,267,51.88,,267,52.22,,267,52.02,,,,,,,,,,
,268,52.35,,268,51.72,,268,51.87,,268,52.22,,268,52.02,,,,,,,,,,
,269,52.34,,269,51.71,,269,51.87,,269,52.22,,269,52.02,,,,,,,,,,
,270,52.29,,270,51.72,,270,51.86,,270,52.21,,270,52.02,,,,,,,,,,
,271,52.34,,271,51.71,,271,51.86,,271,52.22,,271,52.02,,,,,,,,,,
,272,52.34,,272,51.72,,272,51.86,,272,52.2,,272,52.01,,,,,,,,,,
,273,52.32,,273,51.68,,273,51.85,,273,52.2,,273,52.01,,,,,,,,,,
,274,52.31,,274,51.69,,274,51.86,,274,52.21,,274,52.01,,,,,,,,,,
,275,52.31,,275,51.69,,275,51.86,,275,52.19,,275,52.01,,,,,,,,,,
,276,52.31,,276,51.7,,276,51.86,,276,52.19,,276,52.01,,,,,,,,,,
,277,52.32,,277,51.69,,277,51.85,,277,52.18,,277,52,,,,,,,,,,
,278,52.32,,278,51.69,,278,51.86,,278,52.2,,278,52,,,,,,,,,,
,279,52.31,,279,51.69,,279,51.85,,279,52.19,,279,52,,,,,,,,,,
,280,52.31,,280,51.69,,280,51.85,,280,52.19,,280,52,,,,,,,,,,
,281,52.31,,281,51.69,,281,51.86,,281,52.19,,281,52,,,,,,,,,,
,282,52.32,,282,51.68,,282,51.85,,282,52.18,,282,52,,,,,,,,,,
,283,52.32,,283,51.68,,283,51.85,,283,52.19,,283,52,,,,,,,,,,
,284,52.32,,284,51.68,,284,51.84,,284,52.21,,284,52,,,,,,,,,,
,285,52.32,,285,51.68,,285,51.85,,285,52.18,,285,52,,,,,,,,,,
,286,52.32,,286,51.67,,286,51.85,,286,52.19,,286,51.99,,,,,,,,,,
,287,52.32,,287,51.67,,287,51.85,,287,52.18,,287,51.99,,,,,,,,,,
,288,52.31,,288,51.67,,288,51.85,,288,52.19,,288,51.99,,,,,,,,,,
,289,52.31,,289,51.67,,289,51.85,,289,52.19,,289,51.99,,,,,,,,,,
,290,52.31,,290,51.67,,290,51.84,,290,52.18,,290,51.99,,,,,,,,,,
,291,52.31,,291,51.65,,291,51.83,,291,52.16,,291,51.99,,,,,,,,,,
,292,52.32,,292,51.66,,292,51.84,,292,52.18,,292,51.99,,,,,,,,,,
,293,52.32,,293,51.67,,293,51.84,,293,52.16,,293,51.98,,,,,,,,,,
,294,52.31,,294,51.67,,294,51.84,,294,52.17,,294,51.98,,,,,,,,,,
,295,52.31,,295,51.67,,295,51.84,,295,52.16,,295,51.98,,,,,,,,,,
,296,52.31,,296,51.66,,296,51.84,,296,52.18,,296,51.98,,,,,,,,,,
,297,52.3,,297,51.65,,297,51.84,,297,52.17,,297,51.98,,,,,,,,,,
,298,52.31,,298,51.66,,298,51.84,,298,52.16,,298,51.98,,,,,,,,,,
,299,52.31,,299,51.66,,299,51.85,,299,52.16,,299,51.97,,,,,,,,,,
,300,52.31,,300,51.66,,300,51.84,,300,52.16,,300,51.97,,,,,,,,,,
,301,52.31,,301,51.67,,301,51.84,,301,52.16,,301,51.97,,,,,,,,,,
,302,52.31,,302,51.67,,302,51.84,,302,52.16,,302,51.97,,,,,,,,,,
,303,52.31,,303,51.66,,303,51.84,,303,52.15,,303,51.97,,,,,,,,,,
,304,52.31,,304,51.66,,304,51.83,,304,52.17,,304,51.97,,,,,,,,,,
,305,52.3,,305,51.66,,305,51.83,,305,52.14,,305,51.97,,,,,,,,,,
,306,52.3,,306,51.66,,306,51.83,,306,52.17,,306,51.97,,,,,,,,,,
,307,52.3,,307,51.66,,307,51.83,,307,52.17,,307,51.97,,,,,,,,,,
,308,52.3,,308,51.66,,308,51.83,,308,52.17,,308,51.96,,,,,,,,,,
,309,52.3,,309,51.66,,309,51.82,,309,52.17,,309,51.96,,,,,,,,,,
,310,52.3,,310,51.66,,310,51.82,,310,52.16,,310,51.96,,,,,,,,,,
,311,52.3,,311,51.65,,311,51.81,,311,52.15,,311,51.96,,,,,,,,,,
,312,52.3,,312,51.66,,312,51.81,,312,52.14,,312,51.96,,,,,,,,,,
,313,52.3,,313,51.66,,313,51.82,,313,52.15,,313,51.96,,,,,,,,,,
,314,52.29,,314,51.66,,314,51.81,,314,52.15,,314,51.96,,,,,,,,,,
,315,52.29,,315,51.66,,315,51.8,,315,52.16,,315,51.95,,,,,,,,,,
,316,52.29,,316,51.66,,316,51.81,,316,52.14,,316,51.95,,,,,,,,,,
,317,52.29,,317,51.65,,317,51.81,,317,52.14,,317,51.95,,,,,,,,,,
,318,52.29,,318,51.65,,318,51.81,,318,52.15,,318,51.95,,,,,,,,,,
,319,52.29,,319,51.64,,319,51.8,,319,52.15,,319,51.95,,,,,,,,,,
,320,52.29,,320,51.65,,320,51.79,,320,52.14,,320,51.94,,,,,,,,,,
,321,52.28,,321,51.65,,321,51.81,,321,52.14,,321,51.95,,,,,,,,,,
,322,52.28,,322,51.64,,322,51.81,,322,52.15,,322,51.95,,,,,,,,,,
,323,52.28,,323,51.64,,323,51.82,,323,52.14,,323,51.94,,,,,,,,,,
,324,52.28,,324,51.63,,324,51.82,,324,52.14,,324,51.94,,,,,,,,,,
,325,52.28,,325,51.62,,325,51.8,,325,52.14,,325,51.94,,,,,,,,,,
,326,52.27,,326,51.64,,326,51.81,,326,52.14,,326,51.94,,,,,,,,,,
,327,52.28,,327,51.64,,327,51.79,,327,52.13,,327,51.94,,,,,,,,,,
,328,52.28,,328,51.64,,328,51.8,,328,52.13,,328,51.93,,,,,,,,,,
,329,52.28,,329,51.63,,329,51.79,,329,52.13,,329,51.93,,,,,,,,,,
,330,52.28,,330,51.62,,330,51.8,,330,52.13,,330,51.93,,,,,,,,,,
,331,52.28,,331,51.63,,331,51.79,,331,52.12,,331,51.93,,,,,,,,,,
,332,52.27,,332,51.64,,332,51.79,,332,52.13,,332,51.93,,,,,,,,,,
,333,52.27,,333,51.63,,333,51.79,,333,52.13,,333,51.93,,,,,,,,,,
,334,52.27,,334,51.63,,334,51.78,,334,52.13,,334,51.93,,,,,,,,,,
,335,52.27,,335,51.64,,335,51.78,,335,52.13,,335,51.93,,,,,,,,,,
,336,52.27,,336,51.58,,336,51.79,,336,52.12,,336,51.93,,,,,,,,,,
,337,52.27,,337,51.58,,337,51.78,,337,52.12,,337,51.93,,,,,,,,,,
,338,52.27,,338,51.59,,338,51.78,,338,52.12,,338,51.93,,,,,,,,,,
,339,52.27,,339,51.6,,339,51.78,,339,52.12,,339,51.93,,,,,,,,,,
,340,52.27,,340,51.59,,340,51.78,,340,52.11,,340,51.93,,,,,,,,,,
,341,52.27,,341,51.6,,341,51.77,,341,52.12,,341,51.92,,,,,,,,,,
,342,52.27,,342,51.6,,342,51.78,,342,52.12,,342,51.92,,,,,,,,,,
,343,52.27,,343,51.6,,343,51.77,,343,52.11,,343,51.92,,,,,,,,,,
,344,52.27,,344,51.59,,344,51.77,,344,52.12,,344,51.92,,,,,,,,,,
,345,52.27,,345,51.6,,345,51.77,,345,52.11,,345,51.92,,,,,,,,,,
,346,52.26,,346,51.61,,346,51.77,,346,52.11,,346,51.92,,,,,,,,,,
,347,52.26,,347,51.61,,347,51.78,,347,52.12,,347,51.92,,,,,,,,,,
,348,52.26,,348,51.61,,348,51.77,,348,52.12,,348,51.92,,,,,,,,,,
,349,52.26,,349,51.61,,349,51.77,,349,52.11,,349,51.92,,,,,,,,,,
,350,52.26,,350,51.61,,350,51.77,,350,52.12,,350,51.92,,,,,,,,,,
,351,52.25,,351,51.61,,351,51.76,,351,52.12,,351,51.92,,,,,,,,,,
,352,52.25,,352,51.61,,352,51.75,,352,52.12,,352,51.92,,,,,,,,,,
,353,52.25,,353,51.6,,353,51.76,,353,52.11,,353,51.92,,,,,,,,,,
,354,52.25,,354,51.58,,354,51.75,,354,52.12,,354,51.91,,,,,,,,,,
,355,52.25,,355,51.59,,355,51.75,,355,52.1,,355,51.91,,,,,,,,,,
,356,52.25,,356,51.6,,356,51.76,,356,52.11,,356,51.91,,,,,,,,,,
,357,52.25,,357,51.59,,357,51.76,,357,52.11,,357,51.91,,,,,,,,,,
,358,52.25,,358,51.58,,358,51.75,,358,52.1,,358,51.91,,,,,,,,,,
,359,52.25,,359,51.59,,359,51.76,,359,52.11,,359,51.9,,,,,,,,,,
,360,52.25,,360,51.59,,360,51.75,,360,52.13,,360,51.91,,,,,,,,,,
,361,52.24,,361,51.59,,361,51.76,,361,52.12,,361,51.92,,,,,,,,,,
,362,52.24,,362,51.6,,362,51.76,,362,52.11,,362,51.92,,,,,,,,,,
,363,52.24,,363,51.58,,363,51.74,,363,52.09,,363,51.91,,,,,,,,,,
,364,52.24,,364,51.59,,364,51.74,,364,52.1,,364,51.91,,,,,,,,,,
,365,52.24,,365,51.6,,365,51.73,,365,52.09,,365,51.9,,,,,,,,,,
,366,52.24,,366,51.59,,366,51.74,,366,52.1,,366,51.9,,,,,,,,,,
,367,52.24,,367,51.59,,367,51.74,,367,52.1,,367,51.9,,,,,,,,,,
,368,52.24,,368,51.59,,368,51.74,,368,52.1,,368,51.9,,,,,,,,,,
,369,52.23,,369,51.59,,369,51.73,,369,52.09,,369,51.9,,,,,,,,,,
,370,52.23,,370,51.59,,370,51.74,,370,52.1,,370,51.9,,,,,,,,,,
,371,52.22,,371,51.59,,371,51.74,,371,52.09,,371,51.9,,,,,,,,,,
,372,52.22,,372,51.58,,372,51.73,,372,52.09,,372,51.9,,,,,,,,,,
,373,52.22,,373,51.55,,373,51.73,,373,52.08,,373,51.9,,,,,,,,,,
,374,52.23,,374,51.55,,374,51.73,,374,52.08,,374,51.9,,,,,,,,,,
,375,52.23,,375,51.55,,375,51.73,,375,52.08,,375,51.89,,,,,,,,,,
,376,52.23,,376,51.58,,376,51.72,,376,52.09,,376,51.89,,,,,,,,,,
,377,52.23,,377,51.58,,377,51.72,,377,52.08,,377,51.89,,,,,,,,,,
,378,52.23,,378,51.57,,378,51.72,,378,52.08,,378,51.89,,,,,,,,,,
,379,52.22,,379,51.56,,379,51.73,,379,52.09,,379,51.89,,,,,,,,,,
,380,52.22,,380,51.56,,380,51.73,,380,52.09,,380,51.89,,,,,,,,,,
,381,52.21,,381,51.56,,381,51.73,,381,52.09,,381,51.88,,,,,,,,,,
,382,52.21,,382,51.56,,382,51.73,,382,52.09,,382,51.89,,,,,,,,,,
,383,52.21,,383,51.56,,383,51.72,,383,52.09,,383,51.89,,,,,,,,,,
,384,52.21,,384,51.54,,384,51.72,,384,52.08,,384,51.89,,,,,,,,,,
,385,52.21,,385,51.56,,385,51.72,,385,52.08,,385,51.89,,,,,,,,,,
,386,52.21,,386,51.56,,386,51.71,,386,52.08,,386,51.88,,,,,,,,,,
,387,52.21,,387,51.55,,387,51.71,,387,52.08,,387,51.87,,,,,,,,,,
,388,52.21,,388,51.56,,388,51.71,,388,52.1,,388,51.88,,,,,,,,,,
,389,52.21,,389,51.56,,389,51.72,,389,52.09,,389,51.88,,,,,,,,,,
,390,52.21,,390,51.56,,390,51.71,,390,52.08,,390,51.88,,,,,,,,,,
,391,52.21,,391,51.57,,391,51.71,,391,52.08,,391,51.88,,,,,,,,,,
,392,52.21,,392,51.57,,392,51.71,,392,52.09,,392,51.88,,,,,,,,,,
,393,52.21,,393,51.56,,393,51.71,,393,52.07,,393,51.88,,,,,,,,,,
,394,52.21,,394,51.54,,394,51.71,,394,52.08,,394,51.88,,,,,,,,,,
,395,52.21,,395,51.54,,395,51.7,,395,52.08,,395,51.88,,,,,,,,,,
,396,52.21,,396,51.54,,396,51.71,,396,52.08,,396,51.86,,,,,,,,,,
,397,52.2,,397,51.53,,397,51.7,,397,52.07,,397,51.88,,,,,,,,,,
,398,52.21,,398,51.54,,398,51.71,,398,52.07,,398,51.87,,,,,,,,,,
,399,52.21,,399,51.54,,399,51.71,,399,52.07,,399,51.87,,,,,,,,,,
,400,52.2,,400,51.54,,400,51.7,,400,52.07,,400,51.87,,,,,,,,,,
,401,52.2,,401,51.54,,401,51.7,,401,52.07,,401,51.86,,,,,,,,,,
,402,52.2,,402,51.54,,402,51.7,,402,52.07,,402,51.85,,,,,,,,,,
,403,52.2,,403,51.54,,403,51.7,,403,52.06,,403,51.82,,,,,,,,,,
,404,52.2,,404,51.54,,404,51.71,,404,52.07,,404,51.85,,,,,,,,,,
,405,52.2,,405,51.54,,405,51.69,,405,52.07,,405,51.85,,,,,,,,,,
,406,52.2,,406,51.54,,406,51.68,,406,52.07,,406,51.85,,,,,,,,,,
,407,52.2,,407,51.54,,407,51.7,,407,52.07,,407,51.85,,,,,,,,,,
,408,52.2,,408,51.53,,408,51.7,,408,52.07,,408,51.85,,,,,,,,,,
,409,52.2,,409,51.55,,409,51.7,,409,52.07,,409,51.85,,,,,,,,,,
,410,52.19,,410,51.54,,410,51.7,,410,52.07,,410,51.85,,,,,,,,,,
,411,52.19,,411,51.54,,411,51.7,,411,52.08,,411,51.85,,,,,,,,,,
,412,52.2,,412,51.54,,412,51.69,,412,52.07,,412,51.84,,,,,,,,,,
,413,52.19,,413,51.54,,413,51.7,,413,52.07,,413,51.86,,,,,,,,,,
,414,52.19,,414,51.54,,414,51.69,,414,52.06,,414,51.85,,,,,,,,,,
,415,52.19,,415,51.53,,415,51.7,,415,52.06,,415,51.85,,,,,,,,,,
,416,52.19,,416,51.53,,416,51.7,,416,52.05,,416,51.85,,,,,,,,,,
,417,52.18,,417,51.53,,417,51.69,,417,52.05,,417,51.85,,,,,,,,,,
,418,52.18,,418,51.53,,418,51.7,,418,52.05,,418,51.84,,,,,,,,,,
,419,52.18,,419,51.52,,419,51.7,,419,52.06,,419,51.84,,,,,,,,,,
,420,52.18,,420,51.52,,420,51.69,,420,52.05,,420,51.84,,,,,,,,,,
,421,52.18,,421,51.52,,421,51.7,,421,52.04,,421,51.84,,,,,,,,,,
,422,52.18,,422,51.5,,422,51.68,,422,52.06,,422,51.84,,,,,,,,,,
,423,52.18,,423,51.52,,423,51.69,,423,52.05,,423,51.84,,,,,,,,,,
,424,52.18,,424,51.52,,424,51.69,,424,52.06,,424,51.85,,,,,,,,,,
,425,52.18,,425,51.52,,425,51.68,,425,52.05,,425,51.84,,,,,,,,,,
,426,52.18,,426,51.52,,426,51.69,,426,52.03,,426,51.84,,,,,,,,,,
,427,52.18,,427,51.52,,427,51.69,,427,52.04,,427,51.84,,,,,,,,,,
,428,52.18,,428,51.52,,428,51.69,,428,52.03,,428,51.84,,,,,,,,,,
,429,52.18,,429,51.52,,429,51.67,,429,52.04,,429,51.83,,,,,,,,,,
,430,52.18,,430,51.53,,430,51.69,,430,52.04,,430,51.83,,,,,,,,,,
,431,52.18,,431,51.51,,431,51.68,,431,52.04,,431,51.83,,,,,,,,,,
,432,52.18,,432,51.52,,432,51.68,,432,52.04,,432,51.83,,,,,,,,,,
,433,52.18,,433,51.51,,433,51.68,,433,52.04,,433,51.83,,,,,,,,,,
,434,52.17,,434,51.5,,434,51.68,,434,52.04,,434,51.83,,,,,,,,,,
,435,52.17,,435,51.52,,435,51.68,,435,52.04,,435,51.83,,,,,,,,,,
,436,52.17,,436,51.52,,436,51.69,,436,52.03,,436,51.83,,,,,,,,,,
,437,52.17,,437,51.52,,437,51.69,,437,52.05,,437,51.83,,,,,,,,,,
,438,52.17,,438,51.52,,438,51.68,,438,52.03,,438,51.83,,,,,,,,,,
,439,52.17,,439,51.51,,439,51.69,,439,52.04,,439,51.83,,,,,,,,,,
,440,52.17,,440,51.51,,440,51.68,,440,52.03,,440,51.83,,,,,,,,,,
,441,52.17,,441,51.51,,441,51.68,,441,52.03,,441,51.83,,,,,,,,,,
,442,52.17,,442,51.52,,442,51.68,,442,52.04,,442,51.84,,,,,,,,,,
,443,52.17,,443,51.52,,443,51.67,,443,52.04,,443,51.83,,,,,,,,,,
,444,52.17,,444,51.52,,444,51.68,,444,52.03,,444,51.83,,,,,,,,,,
,445,52.17,,445,51.52,,445,51.69,,445,52.03,,445,51.83,,,,,,,,,,
,446,52.17,,446,51.52,,446,51.67,,446,52.03,,446,51.83,,,,,,,,,,
,447,52.17,,447,51.52,,447,51.67,,447,52.04,,447,51.83,,,,,,,,,,
,448,52.17,,448,51.52,,448,51.68,,448,52.03,,448,51.83,,,,,,,,,,
,449,52.17,,449,51.52,,449,51.68,,449,52.04,,449,51.84,,,,,,,,,,
,450,52.16,,450,51.52,,450,51.68,,450,52.04,,450,51.82,,,,,,,,,,
,451,52.16,,451,51.52,,451,51.67,,451,52.04,,451,51.82,,,,,,,,,,
,452,52.16,,452,51.51,,452,51.67,,452,52.04,,452,51.82,,,,,,,,,,
,453,52.16,,453,51.51,,453,51.67,,453,52.02,,453,51.82,,,,,,,,,,
,454,52.16,,454,51.51,,454,51.67,,454,52.03,,454,51.82,,,,,,,,,,
,455,52.16,,455,51.51,,455,51.67,,455,52.02,,455,51.82,,,,,,,,,,
,456,52.16,,456,51.51,,456,51.66,,456,52.01,,456,51.82,,,,,,,,,,
,457,52.16,,457,51.51,,457,51.66,,457,52.03,,457,51.82,,,,,,,,,,
,458,52.16,,458,51.51,,458,51.66,,458,52.03,,458,51.82,,,,,,,,,,
,459,52.16,,459,51.5,,459,51.66,,459,52.03,,459,51.82,,,,,,,,,,
,460,52.16,,460,51.5,,460,51.67,,460,52.02,,460,51.82,,,,,,,,,,
,461,52.16,,461,51.5,,461,51.67,,461,52.03,,461,51.82,,,,,,,,,,
,462,52.15,,462,51.5,,462,51.67,,462,52.03,,462,51.81,,,,,,,,,,
,463,52.15,,463,51.5,,463,51.67,,463,52.02,,463,51.81,,,,,,,,,,
,464,52.15,,464,51.48,,464,51.67,,464,52.03,,464,51.81,,,,,,,,,,
,465,52.15,,465,51.49,,465,51.67,,465,52.02,,465,51.81,,,,,,,,,,
,466,52.15,,466,51.49,,466,51.67,,466,52.02,,466,51.81,,,,,,,,,,
,467,52.15,,467,51.5,,467,51.67,,467,52.02,,467,51.81,,,,,,,,,,
,468,52.15,,468,51.5,,468,51.66,,468,52.02,,468,51.79,,,,,,,,,,
,469,52.15,,469,51.49,,469,51.66,,469,52.03,,469,51.8,,,,,,,,,,
,470,52.15,,470,51.49,,470,51.66,,470,52.02,,470,51.8,,,,,,,,,,
,471,52.15,,471,51.49,,471,51.66,,471,52.02,,471,51.8,,,,,,,,,,
,472,52.15,,472,51.49,,472,51.66,,472,52.01,,472,51.8,,,,,,,,,,
,473,52.14,,473,51.49,,473,51.67,,473,52.02,,473,51.8,,,,,,,,,,
,474,52.14,,474,51.49,,474,51.66,,474,52.02,,474,51.8,,,,,,,,,,
,475,52.14,,475,51.49,,475,51.66,,475,52.02,,475,51.8,,,,,,,,,,
,476,52.14,,476,51.48,,476,51.66,,476,52.02,,476,51.81,,,,,,,,,,
,477,52.14,,477,51.5,,477,51.66,,477,52.01,,477,51.81,,,,,,,,,,
,478,52.14,,478,51.49,,478,51.65,,478,52.01,,478,51.81,,,,,,,,,,
,479,52.14,,479,51.49,,479,51.65,,479,52.01,,479,51.81,,,,,,,,,,
,480,52.14,,480,51.49,,480,51.66,,480,52,,480,51.81,,,,,,,,,,
,481,52.14,,481,51.5,,481,51.66,,481,52.01,,481,51.81,,,,,,,,,,
,482,52.13,,482,51.5,,482,51.66,,482,52.02,,482,51.81,,,,,,,,,,
,483,52.13,,483,51.49,,483,51.66,,483,52.01,,483,51.81,,,,,,,,,,
,484,52.13,,484,51.47,,484,51.65,,484,52.01,,484,51.8,,,,,,,,,,
,485,52.13,,485,51.47,,485,51.64,,485,52.01,,485,51.8,,,,,,,,,,
,486,52.13,,486,51.48,,486,51.64,,486,52.02,,486,51.8,,,,,,,,,,
,487,52.13,,487,51.49,,487,51.64,,487,52.02,,487,51.8,,,,,,,,,,
,488,52.13,,488,51.49,,488,51.65,,488,52.01,,488,51.8,,,,,,,,,,
,489,52.13,,489,51.49,,489,51.64,,489,52.01,,489,51.8,,,,,,,,,,
,490,52.12,,490,51.49,,490,51.64,,490,52.01,,490,51.8,,,,,,,,,,
,491,52.12,,491,51.49,,491,51.64,,491,52,,491,51.8,,,,,,,,,,
,492,52.13,,492,51.5,,492,51.64,,492,52.02,,492,51.8,,,,,,,,,,
,493,52.13,,493,51.51,,493,51.63,,493,52.02,,493,51.8,,,,,,,,,,
,494,52.13,,494,51.51,,494,51.64,,494,52.01,,494,51.8,,,,,,,,,,
,495,52.13,,495,51.5,,495,51.64,,495,52.01,,495,51.8,,,,,,,,,,
,496,52.13,,496,51.5,,496,51.63,,496,52.01,,496,51.79,,,,,,,,,,
,497,52.13,,497,51.49,,497,51.61,,497,52,,497,51.79,,,,,,,,,,
,498,52.13,,498,51.49,,498,51.6,,498,52.01,,498,51.79,,,,,,,,,,
,499,52.13,,499,51.47,,499,51.61,,499,52.02,,499,51.79,,,,,,,,,,
,500,52.13,,500,51.48,,500,51.61,,500,52.02,,500,51.79,,,,,,,,,,
,501,52.13,,501,51.49,,501,51.61,,501,52.01,,501,51.79,,,,,,,,,,
,502,52.13,,502,51.48,,502,51.61,,502,52,,502,51.79,,,,,,,,,,
,503,52.13,,503,51.48,,503,51.61,,503,52.01,,503,51.78,,,,,,,,,,
,504,52.12,,504,51.48,,504,51.61,,504,52.01,,504,51.78,,,,,,,,,,
,505,52.12,,505,51.48,,505,51.62,,505,52.01,,505,51.78,,,,,,,,,,
,506,52.12,,506,51.47,,506,51.61,,506,52,,506,51.78,,,,,,,,,,
,507,52.12,,507,51.48,,507,51.63,,507,52,,507,51.78,,,,,,,,,,
,508,52.12,,508,51.48,,508,51.63,,508,52.01,,508,51.78,,,,,,,,,,
,509,52.12,,509,51.48,,509,51.62,,509,51.99,,509,51.78,,,,,,,,,,
,510,52.12,,510,51.48,,510,51.63,,510,51.99,,510,51.78,,,,,,,,,,
,511,52.12,,511,51.48,,511,51.63,,511,52,,511,51.77,,,,,,,,,,
,512,52.12,,512,51.48,,512,51.62,,512,52,,512,51.78,,,,,,,,,,
,513,52.12,,513,51.47,,513,51.62,,513,52,,513,51.78,,,,,,,,,,
,514,52.12,,514,51.47,,514,51.62,,514,51.99,,514,51.77,,,,,,,,,,
,515,52.12,,515,51.47,,515,51.62,,515,52.01,,515,51.78,,,,,,,,,,
,516,52.12,,516,51.47,,516,51.63,,516,52,,516,51.78,,,,,,,,,,
,517,52.12,,517,51.47,,517,51.62,,517,52,,517,51.78,,,,,,,,,,
,518,52.11,,518,51.47,,518,51.62,,518,51.99,,518,51.78,,,,,,,,,,
,519,52.11,,519,51.47,,519,51.62,,519,51.99,,519,51.78,,,,,,,,,,
,520,52.11,,520,51.45,,520,51.61,,520,51.99,,520,51.78,,,,,,,,,,
,521,52.11,,521,51.45,,521,51.61,,521,52,,521,51.77,,,,,,,,,,
,522,52.11,,522,51.45,,522,51.61,,522,51.98,,522,51.77,,,,,,,,,,
,523,52.11,,523,51.46,,523,51.61,,523,51.98,,523,51.77,,,,,,,,,,
,524,52.11,,524,51.46,,524,51.61,,524,51.98,,524,51.77,,,,,,,,,,
,525,52.11,,525,51.45,,525,51.61,,525,51.99,,525,51.77,,,,,,,,,,
,526,52.11,,526,51.44,,526,51.61,,526,52,,526,51.77,,,,,,,,,,
,527,52.11,,527,51.46,,527,51.61,,527,51.99,,527,51.77,,,,,,,,,,
,528,52.11,,528,51.46,,528,51.6,,528,51.99,,528,51.77,,,,,,,,,,
,529,52.11,,529,51.46,,529,51.61,,529,51.99,,529,51.78,,,,,,,,,,
,530,52.1,,530,51.46,,530,51.61,,530,51.99,,530,51.77,,,,,,,,,,
,531,52.1,,531,51.45,,531,51.61,,531,51.98,,531,51.77,,,,,,,,,,
,532,52.1,,532,51.46,,532,51.62,,532,51.98,,532,51.76,,,,,,,,,,
,533,52.1,,533,51.46,,533,51.62,,533,51.98,,533,51.77,,,,,,,,,,
,534,52.1,,534,51.45,,534,51.62,,534,51.98,,534,51.77,,,,,,,,,,
,535,52.1,,535,51.45,,535,51.61,,535,51.97,,535,51.77,,,,,,,,,,
,536,52.1,,536,51.45,,536,51.61,,536,51.97,,536,51.77,,,,,,,,,,
,537,52.1,,537,51.45,,537,51.62,,537,51.97,,537,51.77,,,,,,,,,,
,538,52.1,,538,51.44,,538,51.61,,538,51.97,,538,51.76,,,,,,,,,,
,539,52.1,,539,51.44,,539,51.61,,539,51.97,,539,51.76,,,,,,,,,,
,540,52.1,,540,51.44,,540,51.61,,540,51.96,,540,51.76,,,,,,,,,,
,541,52.09,,541,51.43,,541,51.61,,541,51.98,,541,51.76,,,,,,,,,,
,542,52.09,,542,51.44,,542,51.61,,542,51.97,,542,51.75,,,,,,,,,,
,543,52.09,,543,51.44,,543,51.6,,543,51.97,,543,51.76,,,,,,,,,,
,544,52.09,,544,51.45,,544,51.61,,544,51.97,,544,51.76,,,,,,,,,,
,545,52.1,,545,51.45,,545,51.6,,545,51.97,,545,51.76,,,,,,,,,,
,546,52.1,,546,51.45,,546,51.61,,546,51.99,,546,51.76,,,,,,,,,,
,547,52.1,,547,51.45,,547,51.62,,547,51.97,,547,51.76,,,,,,,,,,
,548,52.1,,548,51.43,,548,51.61,,548,51.96,,548,51.76,,,,,,,,,,
,549,52.1,,549,51.43,,549,51.61,,549,51.97,,549,51.76,,,,,,,,,,
,550,52.1,,550,51.43,,550,51.61,,550,51.97,,550,51.76,,,,,,,,,,
,551,52.1,,551,51.43,,551,51.62,,551,51.97,,551,51.75,,,,,,,,,,
,552,52.09,,552,51.43,,552,51.61,,552,51.97,,552,51.75,,,,,,,,,,
,553,52.09,,553,51.43,,553,51.61,,553,51.96,,553,51.75,,,,,,,,,,
,554,52.09,,554,51.41,,554,51.6,,554,51.97,,554,51.75,,,,,,,,,,
,555,52.09,,555,51.42,,555,51.6,,555,51.97,,555,51.74,,,,,,,,,,
,556,52.09,,556,51.41,,556,51.61,,556,51.98,,556,51.75,,,,,,,,,,
,557,52.09,,557,51.41,,557,51.61,,557,51.96,,557,51.75,,,,,,,,,,
,558,52.09,,558,51.41,,558,51.61,,558,51.97,,558,51.75,,,,,,,,,,
,559,52.09,,559,51.41,,559,51.61,,559,51.97,,559,51.75,,,,,,,,,,
,560,52.09,,560,51.42,,560,51.61,,560,51.96,,560,51.75,,,,,,,,,,
,561,52.09,,561,51.42,,561,51.6,,561,51.96,,561,51.75,,,,,,,,,,
,562,52.09,,562,51.41,,562,51.6,,562,51.96,,562,51.75,,,,,,,,,,
,563,52.09,,563,51.4,,563,51.59,,563,51.95,,563,51.75,,,,,,,,,,
,564,52.09,,564,51.4,,564,51.59,,564,51.96,,564,51.75,,,,,,,,,,
,565,52.07,,565,51.41,,565,51.6,,565,51.96,,565,51.75,,,,,,,,,,
,566,52.05,,566,51.41,,566,51.59,,566,51.97,,566,51.75,,,,,,,,,,
,567,52.03,,567,51.41,,567,51.59,,567,51.95,,567,51.75,,,,,,,,,,
,568,52.03,,568,51.4,,568,51.58,,568,51.95,,568,51.75,,,,,,,,,,
,569,52.03,,569,51.4,,569,51.59,,569,51.96,,569,51.74,,,,,,,,,,
,570,52.04,,570,51.4,,570,51.59,,570,51.95,,570,51.75,,,,,,,,,,
,571,52.06,,571,51.4,,571,51.59,,571,51.95,,571,51.74,,,,,,,,,,
,572,52.06,,572,51.4,,572,51.59,,572,51.95,,572,51.74,,,,,,,,,,
,573,52.07,,573,51.41,,573,51.59,,573,51.96,,573,51.74,,,,,,,,,,
,574,52.07,,574,51.4,,574,51.59,,574,51.96,,574,51.74,,,,,,,,,,
,575,52.07,,575,51.41,,575,51.59,,575,51.95,,575,51.74,,,,,,,,,,
,576,52.07,,576,51.41,,576,51.59,,576,51.95,,576,51.74,,,,,,,,,,
,577,52.07,,577,51.41,,577,51.59,,577,51.95,,577,51.74,,,,,,,,,,
,578,52.07,,578,51.42,,578,51.58,,578,51.95,,578,51.74,,,,,,,,,,
,579,52.07,,579,51.42,,579,51.58,,579,51.95,,579,51.74,,,,,,,,,,
,580,52.07,,580,51.41,,580,51.59,,580,51.96,,580,51.74,,,,,,,,,,
,581,52.07,,581,51.41,,581,51.59,,581,51.95,,581,51.74,,,,,,,,,,
,582,52.07,,582,51.41,,582,51.58,,582,51.95,,582,51.74,,,,,,,,,,
,583,52.07,,583,51.41,,583,51.59,,583,51.95,,583,51.73,,,,,,,,,,
,584,52.06,,584,51.41,,584,51.59,,584,51.95,,584,51.73,,,,,,,,,,
,585,52.06,,585,51.41,,585,51.58,,585,51.95,,585,51.73,,,,,,,,,,
,586,52.06,,586,51.41,,586,51.59,,586,51.94,,586,51.73,,,,,,,,,,
,587,52.06,,587,51.41,,587,51.59,,587,51.94,,587,51.73,,,,,,,,,,
,588,52.07,,588,51.41,,588,51.59,,588,51.93,,588,51.73,,,,,,,,,,
,589,52.07,,589,51.4,,589,51.59,,589,51.94,,589,51.73,,,,,,,,,,
,590,52.07,,590,51.4,,590,51.58,,590,51.94,,590,51.73,,,,,,,,,,
,591,52.06,,591,51.4,,591,51.58,,591,51.94,,591,51.72,,,,,,,,,,
,592,52.06,,592,51.37,,592,51.58,,592,51.93,,592,51.72,,,,,,,,,,
,593,52.05,,593,51.39,,593,51.57,,593,51.95,,593,51.73,,,,,,,,,,
,594,52.06,,594,51.4,,594,51.57,,594,51.94,,594,51.73,,,,,,,,,,
,595,52.06,,595,51.4,,595,51.58,,595,51.94,,595,51.72,,,,,,,,,,
,596,52.06,,596,51.4,,596,51.57,,596,51.94,,596,51.72,,,,,,,,,,
,597,52.06,,597,51.4,,597,51.58,,597,51.93,,597,51.72,,,,,,,,,,
,598,52.06,,598,51.4,,598,51.58,,598,51.96,,598,51.72,,,,,,,,,,
,599,52.06,,599,51.4,,599,51.58,,599,51.94,,599,51.72,,,,,,,,,,
,600,52.05,,600,51.4,,600,51.57,,600,51.94,,600,51.71,,,,,,,,,,